word,count
good,4507
quality,1642
cable,984
price,935
easy,797
nice,749
working,653
charging,642
well,610
time,558
best,545
money,540
great,521
works,516
battery,510
sound,494
watch,489
overall,423
value,417
better,412
now,404
even,385
fast,382
fine,376
water,366
work,349
phone,339
long,326
power,325
looks,322
bit,316
speed,312
little,309
small,306
months,305
usb,298
worth,297
mouse,293
need,291
images,268
charge,263
range,263
light,260
without,257
days,255
laptop,252
bass,239
original,233
device,232
issue,229
review,228
sturdy,227
size,217
build,212
noise,211
quite,209
first,208
enough,205
still,204
charger,204
useful,200
problem,200
media,199
low,198
high,193
design,193
remote,191
less,190
make,190
recommend,189
https,188
mobile,188
screen,188
jpg,186
may,186
easily,184
looking,184
bluetooth,183
box,182
around,180
usage,180
earphones,180
weight,180
expected,179
look,179
length,178
feel,176
day,175
issues,174
boat,172
features,171
perfect,170
experience,170
decent,170
button,170
life,169
two,169
want,168
bad,167
performance,165
plastic,164
made,162
warranty,159
comes,159
fit,159
last,158
excellent,157
side,155
give,153
received,152
job,151
far,150
see,150
though,150
ear,149
new,146
must,146
average,145
durable,144
every,144
clean,143
properly,142
type,141
happy,141
month,141
back,141
keyboard,141
support,139
purpose,139
call,139
say,138
replacement,137
wire,137
brand,136
keep,134
amazing,134
available,133
many,133
connect,132
hard,132
feature,132
think,131
smooth,131
budget,130
heating,130
cheap,129
big,129
feels,128
built,128
room,127
minutes,126
times,125
year,124
cables,124
full,123
backup,123
hot,123
update,122
point,122
till,121
cost,121
years,121
music,121
option,120
sometimes,120
awesome,119
satisfied,118
know,118
plug,118
seems,118
perfectly,117
found,117
hours,117
heat,116
devices,116
cover,116
port,115
sure,115
everything,115
pen,115
case,115
super,114
inside,113
pretty,113
heavy,113
gaming,113
worked,112
audio,112
mic,112
old,111
almost,111
compared,111
switch,111
liked,111
install,111
home,110
material,110
find,110
please,109
part,109
cord,109
delivery,109
packaging,108
normal,108
coffee,108
okay,107
short,107
heater,107
connected,106
volume,106
top,106
app,104
service,104
tried,103
right,103
takes,103
samsung,103
take,103
touch,103
ordered,102
writing,102
makes,102
control,102
data,101
calling,101
within,101
etc,100
definitely,100
another,100
due,100
voice,100
car,99
comfortable,99
carry,99
temperature,99
different,97
buttons,97
play,96
free,96
set,96
might,95
wireless,95
hold,95
extra,92
customer,92
something,92
lot,92
way,92
camera,92
recommended,92
iron,92
company,91
came,91
provided,91
connectivity,91
always,91
durability,90
premium,90
apple,89
video,88
needs,87
mode,87
stopped,86
expensive,86
color,86
cleaning,86
strong,85
try,85
handle,85
accurate,85
steam,85
come,84
cons,84
quick,84
gives,84
delivered,84
speaker,84
iphone,83
connection,83
single,83
body,83
router,82
installation,82
given,81
per,81
put,81
press,81
capacity,80
fan,80
headphones,80
making,80
storage,80
simple,79
star,79
pros,79
soft,79
return,79
end,78
adapter,78
start,78
able,78
clothes,77
clear,77
display,77
phones,76
hai,76
thanks,76
stand,76
hand,76
place,75
mentioned,75
hour,75
reviews,74
metal,74
going,74
smartwatch,74
colour,73
level,73
week,73
seller,72
poor,72
people,72
card,72
next,72
kettle,72
expect,71
love,71
smart,71
check,71
bank,71
black,71
rest,71
upto,70
note,70
started,70
hope,70
keys,70
left,70
tested,69
highly,69
click,69
ports,68
damaged,68
software,68
compact,68
giving,68
slightly,68
air,68
cancellation,68
wifi,67
yet,67
supports,66
charges,66
pro,66
transfer,66
difficult,66
change,66
care,66
handy,66
calls,65
superb,65
needed,64
person,64
drive,64
batteries,64
space,64
thought,63
instead,63
package,63
earphone,63
faces,63
brands,62
plus,62
market,62
ears,62
add,61
actually,61
picture,61
charged,61
second,61
reasonable,61
automatically,61
write,61
buds,61
auto,60
portable,60
affordable,60
slow,60
fits,60
anything,60
dont,60
help,60
system,59
tight,59
connecting,59
stick,59
reason,59
thank,59
fully,59
things,59
headphone,59
connector,58
loose,58
provide,58
loved,58
done,58
deal,58
user,58
turn,58
table,58
filter,58
daily,57
wear,57
rate,57
yes,56
let,56
quickly,56
except,56
machine,56
coming,56
remove,56
loud,56
ink,56
friendly,55
manual,55
replaced,55
options,54
led,54
ones,54
glass,54
already,53
micro,53
totally,53
break,53
base,53
order,53
office,53
costly,52
wise,52
condition,52
regular,52
thin,52
basic,52
nothing,52
accuracy,52
tap,52
model,51
read,51
sufficient,51
maybe,51
windows,51
packing,51
bottom,51
eggs,51
half,50
damage,50
mbps,50
said,50
multiple,50
wired,50
whole,50
lasts,50
problems,49
cut,49
felt,49
proper,49
socket,49
open,49
local,49
absolutely,49
min,49
higher,49
dust,49
lint,49
today,48
wanted,48
unit,48
someone,48
away,48
sony,48
pair,48
sleep,48
kitchen,48
android,47
smoothly,47
suitable,47
helpful,47
lower,47
paper,47
rating,47
installed,47
output,47
either,47
max,47
song,47
pin,46
doesn,46
extremely,46
wires,46
simply,46
three,46
number,46
online,46
weeks,46
says,46
especially,46
similar,45
signal,45
faced,45
monitor,45
lag,45
dual,45
couple,45
solid,45
grip,45
key,45
steel,45
completely,45
approx,45
lid,45
main,44
braided,44
setup,44
users,44
mark,44
didn,44
actual,44
required,44
longer,44
took,44
kids,44
improve,44
piece,44
scratches,44
shape,43
although,43
convenient,43
finish,43
internet,42
link,42
hdmi,42
compatible,42
kind,42
stable,42
least,42
suggest,42
replace,42
seconds,42
cool,42
earlier,41
run,41
driver,41
shown,41
running,41
missing,41
holder,41
blue,41
broken,41
settings,41
face,41
hear,41
ups,41
date,40
checked,40
disappointed,40
cheaper,40
waste,40
types,40
description,40
thick,40
bag,40
effective,40
bigger,40
tank,40
close,39
india,39
boiling,39
stop,38
uses,38
directly,38
attached,38
speeds,38
improved,38
keeps,38
difference,38
team,38
recently,38
designed,38
strap,38
function,38
jar,38
trust,37
seen,37
adjust,37
family,37
anyone,37
based,37
realme,37
flat,37
hands,37
macbook,37
instant,37
motor,37
ipad,36
along,36
center,36
youtube,36
reliable,36
expectations,36
others,36
current,36
inch,36
considering,36
headset,36
store,35
initially,35
cloth,35
become,35
knob,35
stars,35
careful,35
offer,35
fire,35
near,35
listen,35
con,35
listening,35
suction,35
setting,35
mids,35
bassheads,35
starts,34
various,34
dongle,34
process,34
non,34
noticed,34
helps,34
oneplus,34
file,34
means,34
don,34
pad,34
laptops,34
bed,34
medium,34
earbuds,34
cold,34
milk,34
area,33
exactly,33
connectors,33
apart,33
band,33
wish,33
test,33
cause,33
soon,33
finally,33
brightness,33
heart,33
reading,33
tracking,33
silent,33
according,33
typing,33
geyser,33
went,32
alternative,32
feet,32
amount,32
hrs,32
drivers,32
included,32
probably,32
receive,32
pairing,32
future,32
night,32
mostly,32
rough,32
useless,32
goes,32
lightweight,32
mind,32
plate,32
protect,32
pages,32
blender,32
requirement,31
twice,31
keeping,31
priced,31
points,31
serves,31
immediately,31
search,31
returned,31
double,31
wall,31
ssd,31
stability,31
powerful,31
height,31
large,31
comfort,31
cooking,31
maker,31
havells,31
guys,30
compare,30
gave,30
additional,30
turned,30
atleast,30
external,30
sturdiness,30
complaints,30
upon,30
name,30
terms,30
standard,30
genuine,30
head,30
tell,30
jbl,30
clearly,30
stylish,30
added,30
heated,30
microphone,30
worst,30
pack,30
wrist,30
heats,30
kept,30
surface,30
blade,30
everyone,29
depends,29
sometime,29
expecting,29
plugged,29
rubber,29
negative,29
defective,29
provides,29
avoid,29
complain,29
fall,29
indicator,29
bright,29
edges,29
total,29
pain,29
boult,29
warm,29
dry,29
boil,29
asked,28
network,28
mean,28
initial,28
showing,28
fixed,28
prices,28
rather,28
smartphone,28
choice,28
believe,28
print,28
parker,28
choose,27
basics,27
version,27
including,27
pay,27
satisfactory,27
shows,27
steps,27
later,27
personally,27
slight,27
pressure,27
paid,27
saw,27
response,27
games,27
clarity,27
step,27
guard,27
songs,27
sandisk,27
winter,27
sandwich,27
via,26
connects,26
past,26
wrong,26
details,26
download,26
white,26
turns,26
usually,26
travel,26
sounds,26
safe,26
show,26
consider,26
somewhat,26
wait,26
anywhere,26
logitech,26
move,26
outside,26
impressed,26
beginners,26
smaller,26
drawback,26
green,25
sale,25
protection,25
watt,25
videos,25
result,25
nicely,25
sports,25
bucks,25
disconnected,25
reach,25
house,25
handling,25
google,25
together,25
page,25
computer,25
visible,25
taking,25
contacted,25
worry,25
files,25
red,25
often,25
placed,25
fitting,25
aux,25
major,25
installing,24
flimsy,24
linux,24
testing,24
distance,24
improvement,24
save,24
understand,24
electric,24
huge,24
ultra,24
live,24
claim,24
surely,24
flow,24
mac,24
pick,24
sent,24
doubt,24
functions,24
form,24
pressing,24
speakers,24
operate,24
jack,24
wont,24
load,24
limited,24
frame,24
increase,24
boiled,24
bucket,24
manufacturer,23
feeling,23
sealed,23
flexible,23
stuff,23
purchasing,23
delicate,23
watching,23
sec,23
changing,23
complete,23
track,23
cant,23
rupees,23
faster,23
morning,23
holding,23
playing,23
middle,23
dislike,23
everyday,23
information,23
coz,23
watches,23
fix,23
feedback,23
pouch,23
tempered,23
ram,23
philips,23
impressive,22
post,22
seeing,22
lesser,22
view,22
real,22
correct,22
packed,22
chinese,22
moving,22
concern,22
gold,22
extension,22
photo,22
copy,22
meter,22
verdict,22
early,22
website,22
movement,22
lights,22
beautiful,22
drives,22
guess,22
front,22
reduced,22
dark,22
becomes,22
period,22
present,22
obviously,22
request,22
weak,22
fairly,22
coating,22
background,22
pencil,22
noisy,22
pendrive,22
nib,22
blades,22
vacuum,22
mine,21
whether,21
requires,21
pictures,21
thats,21
certain,21
travelling,21
slot,21
mixer,21
important,21
construction,21
thinking,21
pocket,21
hdd,21
recieved,21
seem,21
holds,21
position,21
outer,21
digital,21
shop,21
true,21
broke,21
tablet,21
image,21
crisp,21
treble,21
clicks,21
opened,21
closed,21
results,21
mins,21
scale,21
cup,21
bottle,21
fans,21
pens,21
waffle,21
adapters,20
watts,20
redmi,20
line,20
chargers,20
tough,20
called,20
written,20
comment,20
tag,20
decided,20
photos,20
easier,20
advertised,20
third,20
ago,20
overpriced,20
reduce,20
possible,20
yeah,20
spend,20
functionality,20
sides,20
personal,20
opinion,20
previous,20
stuck,20
detailed,20
tws,20
switches,20
xtend,20
proof,20
tips,20
clip,20
webcam,20
recording,20
tiny,20
cook,20
ironing,20
grinding,20
worthy,19
gonna,19
extender,19
known,19
term,19
screws,19
forget,19
lasting,19
branded,19
covered,19
meters,19
lock,19
amps,19
china,19
drop,19
usable,19
claims,19
segment,19
apply,19
trying,19
dell,19
entire,19
complaint,19
common,19
happened,19
wonderful,19
vocals,19
covers,19
wave,19
alarm,19
memory,19
sleek,19
neck,19
temp,19
thermostat,19
strength,18
brought,18
remember,18
printer,18
duracell,18
separate,18
desktop,18
bulky,18
gud,18
mount,18
motion,18
scroll,18
neckband,18
movies,18
switched,18
frequently,18
larger,18
screw,18
basically,18
deep,18
purposes,18
lover,18
applied,18
cell,18
cap,18
anc,18
pipes,18
rod,18
tangle,17
lighting,17
pricing,17
across,17
planning,17
finishing,17
thickness,17
lots,17
adds,17
regarding,17
taken,17
continuous,17
observed,17
loss,17
described,17
pic,17
drops,17
cooling,17
arrived,17
carefully,17
action,17
controls,17
disk,17
pause,17
hassle,17
push,17
class,17
effect,17
record,17
mention,17
pieces,17
pls,17
annoying,17
metallic,17
whenever,17
juice,17
accessories,17
changed,17
angle,17
specially,17
four,17
indian,17
contact,17
waiting,17
latency,17
highs,17
brush,17
smell,17
stove,17
bajaj,17
usha,17
slower,16
stops,16
offers,16
shaped,16
plan,16
tab,16
chance,16
played,16
efficient,16
galaxy,16
ends,16
particular,16
falls,16
several,16
looked,16
intended,16
interface,16
texture,16
despite,16
conditions,16
fake,16
comparison,16
saying,16
edit,16
unless,16
continuously,16
deliver,16
banks,16
minor,16
regret,16
fantastic,16
alexa,16
mah,16
helped,16
supplied,16
manually,16
happen,16
assistant,16
notice,16
adequate,16
sensor,16
popio,16
recharge,16
require,16
models,16
neither,16
warrenty,16
floor,16
efficiently,16
notifications,16
game,16
adhesion,16
cute,16
colours,16
switching,16
opening,16
sharp,16
balanced,16
minute,16
leave,16
increased,16
cameras,16
erase,16
fill,16
mechanical,16
notebook,16
rgb,16
fabric,16
frother,16
egg,16
food,16
ambrane,15
lightning,15
wayona,15
ideal,15
doesnt,15
surprise,15
insert,15
desk,15
female,15
certified,15
ahead,15
customers,15
prime,15
mrp,15
beyond,15
companies,15
friends,15
access,15
kinda,15
spare,15
supply,15
party,15
perform,15
stay,15
share,15
instructions,15
refund,15
solution,15
providing,15
putting,15
lol,15
operation,15
moderate,15
lagging,15
weather,15
count,15
book,15
specifications,15
disturbance,15
measuring,15
wants,15
timer,15
safety,15
students,15
seal,15
protector,15
removed,15
unable,15
starting,15
june,15
casual,15
routers,15
sized,15
electricity,15
bath,15
pipe,15
honestly,14
emergency,14
elegant,14
happens,14
idea,14
bend,14
costs,14
retail,14
removing,14
amazonbasics,14
conclusion,14
exchange,14
straps,14
transmission,14
dec,14
previously,14
corner,14
follow,14
guide,14
controller,14
tear,14
scratch,14
tha,14
send,14
force,14
expectation,14
window,14
self,14
zero,14
usefull,14
input,14
csr,14
radio,14
printing,14
functional,14
won,14
paired,14
prefer,14
hardly,14
crystal,14
exact,14
finger,14
catch,14
content,14
xiaomi,14
otg,14
sensors,14
activities,14
wake,14
equipment,14
anti,14
adhesive,14
select,14
gap,14
tripod,14
paying,14
ease,14
rockerz,14
sennheiser,14
container,14
repair,14
blending,14
washing,14
isolation,14
cartridge,14
evening,14
hair,14
saver,14
prestige,14
removes,14
spray,14
cleaner,14
juicer,14
technician,14
fragile,13
health,13
electronic,13
faulty,13
whatsapp,13
cotton,13
firmly,13
matter,13
fold,13
sellers,13
comfortably,13
cases,13
voltage,13
ratings,13
throw,13
sold,13
upload,13
indeed,13
parts,13
pricey,13
searching,13
dash,13
unlike,13
static,13
alright,13
belkin,13
gone,13
direct,13
ready,13
fair,13
lasted,13
noticeable,13
receiving,13
anyway,13
gift,13
fear,13
inches,13
maximum,13
combo,13
trouble,13
multi,13
acceptable,13
measure,13
areas,13
uncomfortable,13
outdoor,13
activity,13
adjustable,13
text,13
slim,13
economical,13
ring,13
levels,13
irritating,13
honest,13
talking,13
modes,13
board,13
everytime,13
changes,13
literally,13
raised,13
format,13
told,13
jars,13
pressed,13
isp,13
cups,13
apc,13
consumption,13
blower,13
flawlessly,12
magic,12
coverage,12
tethering,12
visit,12
necessary,12
breaks,12
world,12
isn,12
charm,12
functioning,12
energy,12
depend,12
adjustment,12
reply,12
older,12
fibre,12
raise,12
accessory,12
materials,12
sort,12
selling,12
final,12
none,12
generally,12
sensitive,12
valuable,12
mobiles,12
checking,12
longevity,12
torn,12
code,12
decision,12
precise,12
ask,12
waterproof,12
ethernet,12
hub,12
fact,12
lose,12
alot,12
lets,12
zebronics,12
stock,12
spent,12
operating,12
unfortunately,12
reduction,12
turning,12
thicker,12
bandwidth,12
maintain,12
risk,12
saved,12
places,12
clamp,12
separately,12
reasonably,12
handles,12
frequent,12
indoor,12
pleased,12
player,12
remaining,12
intact,12
inner,12
impression,12
seamless,12
colors,12
pre,12
leds,12
surfaces,12
smudge,12
resistant,12
wash,12
study,12
playback,12
closing,12
saving,12
student,12
environment,12
wheel,12
dpi,12
curve,12
archer,12
wattage,12
stitching,12
runs,12
roller,12
taste,12
heaters,12
bathroom,12
practical,11
slip,11
eventually,11
sync,11
lenovo,11
wonder,11
phone's,11
site,11
worse,11
held,11
compatibility,11
lazy,11
hit,11
headache,11
manner,11
group,11
outlet,11
generic,11
dvr,11
keyboards,11
example,11
nhi,11
stays,11
launched,11
pins,11
latest,11
thus,11
manufacturing,11
airtel,11
sit,11
currently,11
claimed,11
wrap,11
kam,11
showed,11
pull,11
silicon,11
disappointing,11
bcoz,11
factor,11
specific,11
upgrade,11
modern,11
neat,11
section,11
delivers,11
thankfully,11
lovely,11
par,11
question,11
appreciate,11
bring,11
blend,11
resolution,11
paint,11
pure,11
copper,11
grill,11
falling,11
extended,11
enjoy,11
beat,11
reduces,11
mainly,11
brings,11
ninja,11
boltt,11
tech,11
stress,11
detection,11
noice,11
lovers,11
primary,11
applying,11
marks,11
stylus,11
lows,11
transparent,11
ordinary,11
restart,11
sticker,11
positive,11
five,11
hearing,11
registered,11
leaves,11
fulfilled,11
cuts,11
refill,11
instantly,11
luxor,11
gas,11
induction,11
froth,11
burning,11
rice,11
tea,11
shower,11
soleplate,11
plates,11
steaming,11
attachments,11
bowl,11
smoothies,11
laundry,11
frothing,11
grinder,11
complains,10
paste,10
hang,10
portronics,10
brick,10
shock,10
served,10
ubuntu,10
glad,10
generation,10
physically,10
disconnecting,10
depending,10
state,10
adaptor,10
nearly,10
miss,10
thik,10
blindly,10
foot,10
jio,10
supporting,10
channel,10
sell,10
requirements,10
primarily,10
lengthy,10
packet,10
application,10
towards,10
resistance,10
anyways,10
vary,10
reducing,10
manufactured,10
lead,10
infact,10
variant,10
web,10
rooms,10
male,10
rotate,10
normally,10
powerbank,10
lags,10
shared,10
security,10
detected,10
ugly,10
barely,10
disconnect,10
moreover,10
inr,10
splitter,10
bar,10
surprised,10
heard,10
updates,10
suddenly,10
fitted,10
figure,10
holes,10
stands,10
serve,10
satisfying,10
default,10
sizes,10
flaw,10
professional,10
amp,10
tip,10
supposed,10
yellow,10
nahi,10
heavier,10
meant,10
bahut,10
reputed,10
appear,10
crown,10
watchfaces,10
mods,10
could've,10
notification,10
carried,10
basis,10
smartphones,10
saves,10
magnetic,10
style,10
meeting,10
punchy,10
aur,10
ensure,10
thoda,10
whatever,10
tape,10
detail,10
list,10
research,10
truly,10
editing,10
tho,10
manageable,10
shake,10
course,10
clicking,10
following,10
comments,10
mice,10
earbud,10
usual,10
buyers,10
prevents,10
ergonomic,10
existing,10
resting,10
appears,10
school,10
repaired,10
temperatures,10
clips,10
filling,10
senn,10
leaking,10
burst,10
stainless,10
hose,10
bread,10
kent,10
sandwiches,10
requested,9
stored,9
antenna,9
net,9
metres,9
impressions,9
movie,9
six,9
fell,9
income,9
robust,9
members,9
plated,9
prize,9
responsive,9
edge,9
pairs,9
laptop's,9
tool,9
consumer,9
collection,9
simultaneously,9
preferred,9
flexibility,9
oct,9
investment,9
disappoint,9
quantity,9
tata,9
hook,9
round,9
resolved,9
folded,9
gigabit,9
numbers,9
asap,9
slowly,9
notch,9
firestick,9
converter,9
consumes,9
correctly,9
penny,9
rapidly,9
capable,9
optical,9
door,9
meets,9
dial,9
units,9
july,9
constant,9
strain,9
performing,9
reset,9
corners,9
suit,9
rated,9
grey,9
situation,9
bill,9
carrying,9
wanna,9
aluminium,9
catches,9
layer,9
iam,9
comparatively,9
compromise,9
pilot,9
lacks,9
signature,9
covering,9
stains,9
wide,9
lost,9
services,9
protective,9
ball,9
walking,9
backgrounds,9
wrists,9
tracker,9
tacky,9
constantly,9
silence,9
sensitivity,9
nokia,9
regularly,9
include,9
selfie,9
discount,9
appario,9
wow,9
attractive,9
talk,9
produce,9
hurt,9
bye,9
comparing,9
indication,9
status,9
cutting,9
fitness,9
related,9
fingerprint,9
delay,9
automatic,9
oil,9
disable,9
gifted,9
tend,9
continue,9
audiophile,9
beast,9
palm,9
became,9
meetings,9
causes,9
station,9
wfh,9
observation,9
apt,9
individual,9
caps,9
performs,9
probass,9
lack,9
burn,9
stone,9
kevlar,9
flash,9
binding,9
leakage,9
portion,9
element,9
cutoff,9
mat,9
winters,9
filled,9
tenda,9
sennheisers,9
kettles,9
liquid,9
wrinkles,9
calc,9
agaro,9
vegetables,9
waffles,9
cleaned,8
sober,8
packaged,8
ensures,8
successfully,8
shipped,8
branding,8
words,8
tvs,8
bhi,8
ios,8
sticks,8
plugging,8
ghz,8
replacing,8
immediate,8
variety,8
loop,8
bent,8
moulded,8
shipping,8
suppose,8
consumers,8
mini,8
direction,8
kali,8
sockets,8
title,8
stickers,8
causing,8
sister,8
supported,8
advantage,8
lite,8
prompt,8
solved,8
aware,8
vfm,8
detect,8
folding,8
lighter,8
dirty,8
sudden,8
housing,8
remotes,8
biggest,8
chord,8
seamlessly,8
surround,8
panel,8
sending,8
motorcycle,8
died,8
fiber,8
steady,8
fails,8
december,8
strongly,8
worn,8
promise,8
accidentally,8
combination,8
adding,8
questions,8
straight,8
tangling,8
promised,8
effort,8
fresh,8
affect,8
disadvantage,8
scrolling,8
suits,8
appliance,8
liye,8
satisfy,8
sum,8
secondly,8
fonts,8
chahiye,8
attend,8
vibration,8
offering,8
wife,8
firebolt,8
exercise,8
rely,8
comfy,8
suggestion,8
tablets,8
degree,8
technology,8
scheme,8
vertically,8
offline,8
raha,8
random,8
tray,8
error,8
completed,8
particles,8
alignment,8
son,8
mechanism,8
likes,8
tricky,8
sense,8
mdr,8
enjoying,8
location,8
friend,8
dedicated,8
demo,8
released,8
guy,8
bubble,8
remains,8
vertical,8
confused,8
silver,8
muffled,8
foam,8
stereo,8
shirt,8
noises,8
detachable,8
seemed,8
bud,8
stitched,8
heading,8
headsets,8
frequency,8
writes,8
icon,8
pop,8
empty,8
books,8
children,8
fountain,8
cells,8
bottles,8
crucial,8
surge,8
mains,8
gamer,8
sole,8
wet,8
elegante,8
chop,8
grind,8
temprature,8
fabrics,8
steamer,8
basket,8
powder,8
carplay,7
competitive,7
varies,7
nearby,7
ensured,7
limitation,7
official,7
randomly,7
reasons,7
bags,7
metre,7
coated,7
mfi,7
velcro,7
moved,7
moves,7
bother,7
capture,7
standards,7
promising,7
misleading,7
fancy,7
tie,7
ability,7
safely,7
printed,7
competition,7
forced,7
transferring,7
allow,7
tools,7
relevant,7
explained,7
broadband,7
meet,7
mute,7
skeptical,7
casing,7
centre,7
it'll,7
markings,7
moment,7
active,7
silicone,7
series,7
source,7
ways,7
utility,7
rich,7
weird,7
stores,7
slide,7
brother,7
late,7
duplicate,7
chances,7
significantly,7
whereas,7
sucks,7
classic,7
policy,7
nature,7
die,7
perspective,7
cracks,7
percent,7
breaking,7
kid,7
worried,7
thankful,7
puts,7
traveling,7
universal,7
joint,7
adjusted,7
snugly,7
cake,7
plz,7
eye,7
facility,7
phoenix,7
allows,7
receiver,7
tasks,7
hate,7
crack,7
streaming,7
manage,7
assemble,7
logo,7
didnt,7
loving,7
apps,7
accidental,7
tightly,7
ground,7
dslr,7
curved,7
prove,7
incoming,7
counter,7
updated,7
caller,7
missed,7
cycle,7
parameters,7
alarms,7
ringtone,7
resolve,7
sunlight,7
tends,7
win,7
spotify,7
pour,7
appealing,7
shakes,7
shops,7
stretch,7
concerned,7
rock,7
earpiece,7
experienced,7
match,7
general,7
wrapped,7
aspect,7
duration,7
inbuilt,7
shiny,7
guards,7
touching,7
drawing,7
somehow,7
bubbles,7
increases,7
block,7
defect,7
mid,7
register,7
fun,7
solve,7
prolonged,7
glue,7
creates,7
ppl,7
acha,7
january,7
slips,7
gym,7
facing,7
duty,7
drained,7
lift,7
picked,7
angled,7
happening,7
notes,7
audacity,7
extreme,7
wind,7
category,7
certainly,7
noiseless,7
practice,7
ambient,7
mixed,7
shirts,7
private,7
occurs,7
increasing,7
lastly,7
beep,7
address,7
complaining,7
cloths,7
fingers,7
ntfs,7
brown,7
boot,7
exposed,7
persons,7
backlight,7
weighing,7
hole,7
upper,7
dirt,7
baby,7
inalsa,7
ceramic,7
mist,7
stool,7
sofa,7
frying,7
cooker,7
boiler,7
blowing,7
spices,7
chopper,7
borosil,7
crompton,7
sealing,7
fruits,7
geysers,7
beater,7
dough,7
rotis,7
toono,6
ampere,6
modem,6
exist,6
onwards,6
speaking,6
flaws,6
contrary,6
transferred,6
limit,6
alternatives,6
ample,6
thumbs,6
microusb,6
shorter,6
internal,6
channels,6
goods,6
sales,6
launch,6
pulls,6
listed,6
capability,6
afford,6
particularly,6
spaces,6
onto,6
sufficiently,6
email,6
advice,6
github,6
repeater,6
stopwatch,6
confirm,6
steal,6
aside,6
warp,6
amazone,6
suited,6
restarting,6
sharing,6
refused,6
trusted,6
gen,6
surprisingly,6
becoming,6
cpu,6
soundbar,6
bravia,6
opted,6
recognition,6
reported,6
enable,6
amezon,6
controlled,6
failed,6
roughly,6
respect,6
scratched,6
tilted,6
yesterday,6
wouldn,6
sky,6
lowest,6
confidence,6
sept,6
forward,6
coupler,6
removable,6
breeze,6
vice,6
versa,6
asus,6
stream,6
pulling,6
specifically,6
glowing,6
word,6
bending,6
wanting,6
measurements,6
living,6
everybody,6
ergonomically,6
improvements,6
sitting,6
balance,6
makers,6
comparable,6
fault,6
secure,6
vga,6
situations,6
awasome,6
supportthe,6
split,6
aspects,6
designers,6
reads,6
folks,6
haven,6
jarurat,6
padti,6
advertise,6
confusing,6
producing,6
special,6
sounding,6
monitoring,6
selection,6
sport,6
amoled,6
bezels,6
kar,6
season,6
wearing,6
significant,6
blinking,6
sleeve,6
unique,6
slots,6
messages,6
downside,6
matte,6
mistake,6
slippery,6
chose,6
mother,6
invest,6
entry,6
acts,6
delayed,6
draw,6
grips,6
spring,6
firm,6
offered,6
breaker,6
dropped,6
cushions,6
occasional,6
one's,6
nowadays,6
genuinely,6
specs,6
ordering,6
enabled,6
posting,6
asking,6
classes,6
ended,6
lines,6
airdopes,6
standby,6
periods,6
prints,6
scenario,6
efficiency,6
decrease,6
physical,6
nonetheless,6
technical,6
iso,6
wobbly,6
god,6
effects,6
zip,6
earplugs,6
shaking,6
addition,6
busy,6
shot,6
separated,6
produced,6
sessions,6
importantly,6
college,6
account,6
configuration,6
tether,6
sweet,6
surprising,6
mousepad,6
ltd,6
enter,6
magnets,6
equalizer,6
informed,6
parents,6
respond,6
reputation,6
tests,6
cream,6
degrees,6
vocal,6
genres,6
classy,6
notebooks,6
aptx,6
accordingly,6
iball,6
road,6
legs,6
ceiling,6
zone,6
gamepad,6
fps,6
somewhere,6
sign,6
papers,6
considered,6
repeated,6
mai,6
reality,6
sheets,6
rid,6
jammed,6
glossy,6
feeder,6
sata,6
shut,6
cordless,6
keybaord,6
winner,6
remover,6
vessel,6
burns,6
kindly,6
cooked,6
irons,6
gliding,6
teflon,6
coil,6
flaps,6
toast,6
boils,6
veggies,6
regulator,6
toaster,6
dog,6
tare,6
bathtub,6
impact,5
circuit,5
sight,5
hotspot,5
occur,5
transportation,5
practically,5
nylon,5
eyes,5
serious,5
unplug,5
passed,5
kindle,5
reader,5
rack,5
connections,5
agar,5
miles,5
quicker,5
absolute,5
solves,5
orange,5
uhd,5
command,5
rarely,5
demand,5
successful,5
benefit,5
bulk,5
bunched,5
precisely,5
insulation,5
joints,5
securely,5
signs,5
arrange,5
provision,5
mentioning,5
imported,5
label,5
mere,5
repo,5
guest,5
ultimately,5
beginner,5
outstanding,5
nord,5
forever,5
warning,5
factors,5
brand's,5
beware,5
softer,5
thinner,5
cords,5
fabulous,5
returning,5
sahi,5
city,5
strange,5
iphones,5
hesitation,5
rear,5
anytime,5
menu,5
lenght,5
leads,5
hell,5
besides,5
dots,5
extent,5
alert,5
dull,5
stronger,5
tuned,5
responce,5
indicate,5
involved,5
dac,5
reverse,5
includes,5
cardboard,5
contain,5
knew,5
systems,5
replies,5
chip,5
rates,5
firstly,5
october,5
develop,5
dosent,5
usability,5
nov,5
responding,5
kinds,5
glow,5
decreases,5
projector,5
drains,5
nuts,5
updating,5
horrible,5
specified,5
pendrives,5
trick,5
powering,5
refresh,5
communication,5
flip,5
possibly,5
thumb,5
walls,5
thread,5
doubts,5
oxygen,5
prevent,5
pointer,5
struggle,5
among,5
interesting,5
harder,5
drain,5
protects,5
spills,5
okayish,5
notched,5
coverd,5
visual,5
bulit,5
pixels,5
droping,5
caling,5
follows,5
laggythe,5
houryou,5
goodthe,5
survives,5
scared,5
bet,5
bolt,5
stunning,5
restarts,5
colorfit,5
pulse,5
itgood,5
mst,5
prouduct,5
mujhe,5
inaccurate,5
sms,5
attempt,5
thodi,5
pixel,5
matched,5
conventional,5
recent,5
false,5
workout,5
calculator,5
fingerprints,5
firmware,5
bangalore,5
narrow,5
blutooth,5
disconnects,5
absent,5
boat's,5
burnt,5
hoti,5
sliding,5
standing,5
toh,5
afraid,5
training,5
measures,5
satisfies,5
attach,5
forgot,5
torch,5
mast,5
accept,5
magnet,5
presence,5
mom,5
optimum,5
sleeping,5
alerts,5
info,5
displayed,5
preset,5
cautious,5
wiring,5
spigen,5
blends,5
engineering,5
kit,5
fool,5
kits,5
potential,5
idk,5
gray,5
descent,5
awake,5
loaded,5
disturb,5
batter,5
locking,5
mild,5
distortion,5
sim,5
dislikes,5
attention,5
shopping,5
fail,5
reviewed,5
harm,5
act,5
plain,5
grab,5
fat,5
placing,5
gently,5
mess,5
reception,5
alone,5
snug,5
refer,5
bump,5
organized,5
produces,5
pubg,5
learning,5
backside,5
painful,5
listened,5
fins,5
april,5
superior,5
appearance,5
highest,5
boxes,5
recorded,5
pleasant,5
spending,5
bcz,5
aaa,5
maintained,5
mix,5
bassy,5
sqft,5
eartips,5
convenience,5
method,5
suggested,5
adjusting,5
frequencies,5
lacking,5
acrylic,5
hoping,5
hung,5
edition,5
lectures,5
weigh,5
answer,5
evident,5
machines,5
toy,5
minus,5
mouses,5
routine,5
rechargeable,5
spiral,5
bind,5
bound,5
compartment,5
trimmer,5
taskbar,5
thru,5
seperate,5
managed,5
loudness,5
cushion,5
wider,5
cam,5
upside,5
gadgets,5
distribution,5
property,5
ergonomics,5
precision,5
pot,5
stiff,5
invoice,5
hip,5
hop,5
justify,5
damages,5
release,5
liquids,5
measured,5
instruction,5
hopefully,5
vision,5
plugs,5
midrange,5
fallen,5
arrow,5
sticky,5
justified,5
sheet,5
lit,5
hinge,5
caddy,5
filters,5
accepted,5
skip,5
minimum,5
genre,5
burned,5
teh,5
pan,5
wastage,5
cleans,5
lints,5
hanger,5
swivel,5
maggie,5
liters,5
lifelong,5
french,5
garment,5
marked,5
evenly,5
scaling,5
packets,5
carpet,5
eureka,5
forbes,5
vaccum,5
onions,5
pauses,5
promises,5
hostel,5
domestic,5
exhaust,5
banana,5
purifier,5
breakfast,5
daughter's,4
anker,4
costing,4
effortlessly,4
glitch,4
turbo,4
installations,4
cellular,4
downloaded,4
reconnect,4
encountered,4
unattended,4
adopter,4
undoubtedly,4
assured,4
tension,4
seemless,4
serving,4
lcd,4
unplugging,4
seeking,4
printers,4
rust,4
achhi,4
hua,4
lekin,4
outlets,4
simpla,4
lightly,4
prospect,4
threads,4
oem,4
malfunction,4
draining,4
replica,4
marketplace,4
intermediate,4
qualcomm,4
preference,4
gear,4
stubborn,4
circular,4
thickest,4
nobody,4
availability,4
achieve,4
desired,4
observations,4
registration,4
btw,4
shell,4
pink,4
matches,4
likely,4
procedure,4
mentions,4
nil,4
orginal,4
browsing,4
thoughts,4
flex,4
buyed,4
decently,4
supportive,4
rounder,4
karta,4
password,4
amd,4
errors,4
mumbai,4
restricted,4
decisions,4
annoyance,4
sideways,4
hassles,4
diffrence,4
resilient,4
bike,4
roll,4
string,4
device's,4
willing,4
gestures,4
functionally,4
placement,4
controlling,4
vulnerable,4
zoul,4
cancel,4
transfers,4
attachment,4
specification,4
microsoft,4
advanced,4
kbps,4
enhanced,4
theater,4
eliminates,4
handlebar,4
navigation,4
powerbanks,4
fed,4
wrapping,4
gears,4
fetch,4
saviour,4
frankly,4
hello,4
continues,4
doubtful,4
whatsoever,4
godd,4
accurately,4
glued,4
cracked,4
supplier,4
raises,4
damaging,4
realized,4
knowing,4
soo,4
behind,4
fixing,4
met,4
building,4
pets,4
observe,4
brief,4
secs,4
locks,4
badly,4
finished,4
competitors,4
greater,4
prepared,4
majority,4
skin,4
cladding,4
glows,4
loading,4
weights,4
ofcourse,4
peace,4
stations,4
volumes,4
soundstage,4
overcome,4
untill,4
selecting,4
cheers,4
daughter,4
versions,4
owners,4
lava,4
uneven,4
trend,4
peel,4
ignore,4
carton,4
interested,4
rigid,4
navigate,4
understood,4
skinny,4
compliments,4
polished,4
spree,4
sensorsbad,4
makeover,4
outsourced,4
plastering,4
logos,4
buzz,4
outright,4
lookinggood,4
onplease,4
ages,4
measurement,4
considerable,4
lyf,4
occassionally,4
would've,4
karni,4
global,4
did'nt,4
colleagues,4
arms,4
roads,4
shutter,4
pebble,4
reaching,4
opposite,4
theme,4
readings,4
visionary,4
youre,4
callers,4
optional,4
producti,4
sites,4
trip,4
confusion,4
mail,4
enjoyed,4
honor,4
leaflet,4
mfg,4
hologram,4
extend,4
hundred,4
thinks,4
fade,4
square,4
touchscreen,4
highlight,4
excitement,4
sun,4
attaching,4
wipro,4
supplying,4
drinking,4
pics,4
designs,4
sat,4
timely,4
field,4
achcha,4
hurting,4
osm,4
butter,4
fir,4
couldn,4
arm,4
assistance,4
message,4
instagram,4
art,4
ranging,4
vent,4
worthable,4
product's,4
gotta,4
overnight,4
ranges,4
horizontally,4
foldable,4
hardness,4
exceeded,4
manufacturers,4
revert,4
visited,4
story,4
marketing,4
gimmick,4
street,4
ambiance,4
beauty,4
expert,4
slider,4
buffers,4
lids,4
residue,4
secondary,4
creating,4
occasionally,4
notepad,4
stuffs,4
browser,4
karne,4
align,4
glasses,4
impossible,4
seriously,4
finding,4
entirely,4
leaving,4
companion,4
gadget,4
uploaded,4
discharged,4
tak,4
brilliant,4
sceptical,4
thankyou,4
claiming,4
airdope,4
everywhere,4
flows,4
cheapest,4
resulting,4
delete,4
isnt,4
audible,4
rain,4
platform,4
unboxing,4
containing,4
bytes,4
calculation,4
washed,4
pants,4
settled,4
mediocre,4
electrical,4
pockets,4
hanging,4
dead,4
cursor,4
tweaking,4
padding,4
silk,4
subject,4
blow,4
cash,4
sleeves,4
num,4
tbh,4
dirac,4
opteo,4
instruments,4
sounded,4
clearer,4
bionic,4
rounded,4
entering,4
create,4
horizontal,4
cartridges,4
pcb,4
mouth,4
nephew,4
dangerous,4
detached,4
speak,4
tracks,4
pet,4
projects,4
disc,4
interruption,4
nozzle,4
bullets,4
distort,4
minimal,4
favorite,4
portability,4
throughout,4
inverter,4
swiftly,4
promptly,4
gotten,4
passive,4
inline,4
chambers,4
earpieces,4
extras,4
sets,4
created,4
layers,4
louder,4
slides,4
elsewhere,4
scan,4
thump,4
quote,4
toys,4
gamers,4
flawless,4
recognized,4
mono,4
tplink,4
powered,4
manager,4
dynamic,4
consistent,4
ideally,4
stage,4
achha,4
badhiya,4
percentage,4
american,4
understanding,4
excess,4
elements,4
authentic,4
cloud,4
accha,4
phillips,4
cos,4
cars,4
valorant,4
age,4
actions,4
awkward,4
edm,4
verry,4
numeric,4
opens,4
transformer,4
beeps,4
advised,4
wasted,4
human,4
worries,4
owing,4
mics,4
exam,4
environments,4
throwing,4
spots,4
crispy,4
chair,4
speck,4
verified,4
digisol,4
baki,4
handed,4
heavily,4
catridges,4
tri,4
quiet,4
ache,4
cuz,4
pulled,4
theres,4
momentum,4
dance,4
trap,4
drawbacks,4
wipe,4
fluctuations,4
spread,4
cat,4
ftth,4
membrane,4
tilt,4
begin,4
variable,4
resulted,4
dryness,4
nibs,4
floors,4
piston,4
executive,4
dent,4
raw,4
pigeon,4
mugs,4
woolen,4
collector,4
chopping,4
filtering,4
frothy,4
bathing,4
mixy,4
outcome,4
crease,4
grams,4
calcium,4
emptying,4
knobs,4
jeans,4
cleaners,4
aged,4
cylinder,4
dress,4
wrinkle,4
milkshakes,4
maharaja,4
ikea,4
rods,4
fruit,4
household,4
exchanged,4
prepare,4
flap,4
bare,4
cakes,4
engineer,4
cools,4
dripping,4
yogurt,4
sujata,4
roti,4
repacked,3
fungus,3
alcoholic,3
blame,3
distributor,3
humid,3
wasn,3
frayed,3
innovative,3
cablevalue,3
moneythanks,3
producer,3
lubuntu,3
catching,3
networks,3
softwares,3
storeconclusion,3
budge,3
interruptions,3
jitter,3
qualms,3
cushioned,3
caused,3
internally,3
sigh,3
multiply,3
core,3
basica,3
disconnection,3
oppo,3
lightening,3
boon,3
unstable,3
experiment,3
cctv,3
enables,3
consoles,3
console,3
vehicle,3
robustness,3
risking,3
peels,3
mifi,3
buck,3
braiding,3
transition,3
bands,3
proved,3
functionalities,3
massive,3
procedures,3
streamlined,3
heads,3
sake,3
approximately,3
amkette,3
inclination,3
risks,3
demands,3
imagination,3
shouldnt,3
copies,3
vendor,3
admit,3
additions,3
host,3
conveniently,3
contacts,3
avail,3
serial,3
dth,3
equal,3
advance,3
apparatus,3
submitted,3
moto,3
typical,3
year's,3
stretched,3
hesitate,3
discharge,3
toughness,3
untangle,3
paise,3
coloured,3
hdds,3
flashing,3
edged,3
sword,3
hidden,3
thier,3
fraud,3
nyc,3
tangled,3
kaput,3
cozy,3
relief,3
tower,3
discounted,3
man,3
dot,3
shifted,3
clearity,3
luckily,3
seperation,3
compliant,3
lan,3
symbol,3
sells,3
reliability,3
conversion,3
diwali,3
mounted,3
clutter,3
bobo,3
hesitant,3
abuse,3
queries,3
behaviour,3
spec,3
boost,3
utilize,3
lifesaver,3
unpair,3
orignal,3
alternate,3
smoothness,3
theek,3
handled,3
dropping,3
ipod,3
apprehensive,3
revive,3
commute,3
calculations,3
rise,3
month's,3
taxes,3
returnable,3
configure,3
priority,3
rotating,3
innovation,3
inputs,3
engineers,3
shocked,3
joke,3
netflix,3
gtx,3
tuf,3
appreciated,3
gauge,3
conductor,3
washer,3
hardware,3
symbols,3
quoted,3
meaning,3
seagate,3
theatre,3
displays,3
guests,3
coarse,3
handheld,3
repeat,3
row,3
dongles,3
macbooks,3
lives,3
tagged,3
pricy,3
crap,3
dire,3
enthusiast,3
exceptional,3
caution,3
accessible,3
origin,3
retro,3
breakable,3
glancethe,3
wayyyy,3
customised,3
differenttouch,3
muah,3
ofc,3
comforting,3
buttery,3
laggy,3
accuracies,3
constrained,3
phoniex,3
checker,3
nitpick,3
wallpapers,3
ben,3
omnitrix,3
wallpaper,3
divide,3
laboratory,3
suffered,3
counting,3
suggestions,3
footsteps,3
ptron,3
thirdly,3
responds,3
forecast,3
accuratesleep,3
occuracy,3
tacking,3
heartbeat,3
exercises,3
goodtouch,3
niceall,3
fixtures,3
tampering,3
instance,3
strategy,3
fireboltt,3
swap,3
vibrate,3
speedy,3
costed,3
riding,3
font,3
kya,3
tik,3
diya,3
finalised,3
spce,3
arise,3
jan,3
nos,3
packs,3
ultimate,3
angles,3
choti,3
accepts,3
lil,3
grand,3
cancelling,3
pro's,3
scope,3
poly,3
ion,3
golden,3
variants,3
processor,3
stages,3
gps,3
remain,3
social,3
intensity,3
conversations,3
proven,3
fevi,3
kudos,3
bast,3
avarage,3
anybody,3
blink,3
elders,3
tedious,3
effortless,3
kingone,3
unplugged,3
belt,3
smartwatches,3
protected,3
cracking,3
glitches,3
hundreds,3
customisable,3
holders,3
driving,3
fitment,3
challenge,3
beats,3
weightless,3
powers,3
affected,3
fulfil,3
adjustments,3
aslo,3
qualities,3
deducted,3
indicators,3
generator,3
contains,3
loves,3
father,3
sorry,3
distortions,3
fidelity,3
audiophiles,3
padded,3
invisible,3
sticking,3
debris,3
acquired,3
needle,3
privacy,3
ambience,3
object,3
rectify,3
assumed,3
recorder,3
useing,3
profile,3
trial,3
considerably,3
film,3
melts,3
inserted,3
boya,3
mike,3
discharges,3
fading,3
brainer,3
bonus,3
diy,3
scanning,3
lookwise,3
hota,3
ill,3
dimensions,3
goodi,3
touched,3
arch,3
rha,3
kuch,3
swich,3
august,3
bug,3
eats,3
plasticky,3
locked,3
assume,3
cherry,3
conversation,3
kiya,3
prominent,3
harman,3
summary,3
chosen,3
listing,3
codes,3
hardcore,3
gib,3
pdf,3
mistakenly,3
newer,3
searched,3
zipper,3
watched,3
fortunately,3
computers,3
bear,3
efforts,3
frustrating,3
bose,3
unknown,3
qualitycons,3
slick,3
afternoon,3
discovered,3
tunes,3
explains,3
plays,3
recommendation,3
implemented,3
poorly,3
fixes,3
paused,3
hefty,3
scanner,3
courier,3
enc,3
scroller,3
deals,3
dip,3
studio,3
punch,3
warmth,3
upgrading,3
marvelous,3
crowded,3
unwanted,3
snag,3
reviewing,3
disturbing,3
wooden,3
niece,3
vibrant,3
harsh,3
canal,3
agoq,3
states,3
bullet,3
inconvenient,3
confirmed,3
polite,3
resonate,3
recommending,3
straightforward,3
reflects,3
tremendous,3
housings,3
located,3
explore,3
apparently,3
hall,3
wobbles,3
beginning,3
throttling,3
excessive,3
luxe,3
surfing,3
discomfort,3
zeb,3
diff,3
bang,3
hinges,3
pads,3
shoot,3
unpleasant,3
chal,3
curves,3
sbc,3
provider,3
strictly,3
incorrect,3
reaches,3
varient,3
helpfull,3
session,3
complained,3
professionals,3
travels,3
razer,3
seals,3
exceptionally,3
struggles,3
cloudtail,3
cancels,3
subtle,3
rests,3
western,3
desire,3
odd,3
passing,3
unbearable,3
formatting,3
management,3
permissions,3
junk,3
agency,3
movements,3
attracts,3
fifa,3
sadly,3
shooting,3
stroke,3
incredible,3
interior,3
poweramp,3
gamming,3
csgo,3
damn,3
exclusively,3
polling,3
tone,3
assurance,3
pppoe,3
essential,3
quink,3
contrast,3
lap,3
interference,3
popping,3
hooks,3
aacha,3
colored,3
jotter,3
drawer,3
wao,3
fittings,3
forming,3
struggling,3
task,3
milli,3
overload,3
thermal,3
chattering,3
occurred,3
tripped,3
wonders,3
shuts,3
bhut,3
problematic,3
rattling,3
storing,3
fooled,3
ticket,3
gta,3
latch,3
meantime,3
humidity,3
depth,3
distributed,3
cumbersome,3
twist,3
nakamichi,3
japanese,3
smallest,3
documentaries,3
international,3
project,3
apartment,3
gifting,3
skid,3
existent,3
relatively,3
sturdier,3
anymore,3
prone,3
wondering,3
angular,3
diameter,3
broad,3
pods,3
canon,3
whichever,3
drying,3
yield,3
grain,3
hain,3
names,3
rude,3
glides,3
smells,3
nearest,3
hero,3
hangs,3
troubleshoot,3
agent,3
lining,3
foamy,3
alan,3
walker,3
permanent,3
lying,3
erasing,3
erases,3
developed,3
realised,3
farthest,3
onemesh,3
cabling,3
squeeze,3
irritates,3
upright,3
couch,3
insulated,3
effectively,3
vector,3
substance,3
camlin,3
msc,3
funny,3
jet,3
exterior,3
choices,3
litres,3
maggi,3
continuing,3
utensils,3
rotor,3
wrapper,3
dosa,3
chutneys,3
polyester,3
fleece,3
odour,3
chicken,3
recipe,3
dishes,3
twists,3
fibres,3
curtains,3
garments,3
soleplates,3
creases,3
linished,3
drip,3
filtered,3
pass,3
immersion,3
bathrooms,3
taller,3
preparing,3
cookwell,3
warms,3
upholstery,3
aftr,3
onion,3
generates,3
preheat,3
dresses,3
woollens,3
whisking,3
electronics,3
chops,3
diet,3
priya,3
homes,3
deg,3
consume,3
khad,3
defects,3
ice,3
chutney,3
protein,3
inlet,3
melt,3
cats,3
velvet,3
bin,3
rollers,3
baking,3
filteration,3
advise,3
utensil,3
patience,3
oratech,3
creamer,3
ingredients,3
spoon,3
grilling,3
ltr,3
topple,3
awsome,3
griller,3
hindware,3
humidifier,3
cashback,3
flavour,3
geyser's,3
continously,3
groove,3
centigrade,3
bake,3
south,3
aroma,3
brew,3
thoroughly,3
pureit,3
tds,3
baker,3
spoons,3
clamps,3
alkaline,3
parathas,3
withing,2
konnect,2
withstand,2
syncs,2
veri,2
suspect,2
loosing,2
affair,2
occasions,2
vooc,2
breaded,2
lapptop,2
undistorted,2
yiu,2
tge,2
reachany,2
resort,2
lengthresult,2
behave,2
adirection,2
malefunction,2
usbbuilt,2
braiderlength,2
mentionedworks,2
bht,2
wali,2
thi,2
dikh,2
hui,2
jada,2
sturdily,2
disliked,2
ipads,2
protocols,2
subscription,2
xxxxxxxxxxxxxxxxxxxxxxxxxxxxxxamazon,2
inhouse,2
portal,2
derives,2
eliminating,2
distributors,2
retailers,2
attracting,2
xxxxxxxxxxxxxxxxxxxxxxxxxxxxxxxxxxxxxxxxxxxxxxxxxxxxxxi,2
qbix,2
priorities,2
lookout,2
passenger,2
seat,2
retain,2
acquire,2
associated,2
termed,2
shortlisted,2
mansaa,2
exposing,2
terminal,2
pcbs,2
splitting,2
casings,2
terminals,2
scarce,2
corrosion,2
saline,2
sea,2
ties,2
compactness,2
paramount,2
importance,2
newest,2
nameplate,2
ratios,2
industry,2
warehouse,2
dealers,2
philosophy,2
member,2
toll,2
grievances,2
xxxxxxxxxxxxxxxxxxit,2
convincing,2
goverment,2
hinder,2
qualityless,2
beacause,2
successfull,2
ousting,2
govt,2
encourage,2
ftvery,2
amazoni,2
mislead,2
ubon,2
finall,2
purchasemy,2
dustbean,2
broadcom,2
proprietary,2
morrownr,2
lsusb,2
giyf,2
bash,2
dkms,2
jammy,2
readme,2
interfaces,2
hacking,2
surf,2
articles,2
realtek,2
alpha,2
operational,2
happily,2
rose,2
nikon,2
dashcam,2
pcs,2
probability,2
pover,2
fortnight,2
mechanic,2
sister's,2
secret,2
authenticity,2
charing,2
wins,2
provinding,2
yeap,2
couldnt,2
inbox,2
occassion,2
ribbon,2
alsi,2
destroyed,2
disadvantages,2
bcuz,2
cabel,2
representative,2
budjet,2
wife's,2
ghost,2
visibly,2
chords,2
unbreakable,2
urgent,2
retracting,2
karnataka,2
satisfaction,2
redacting,2
oroginal,2
judge,2
poorer,2
weathering,2
dangling,2
identical,2
jerk,2
commands,2
scrolls,2
retracted,2
entangled,2
reel,2
hitting,2
tries,2
sources,2
clue,2
forcing,2
sub,2
echo,2
prodact,2
nit,2
flick,2
alternatively,2
looses,2
okk,2
xbox,2
subwoofer,2
setbox,2
zuke,2
harmony,2
buyer,2
backwards,2
motherboard,2
transparency,2
illumination,2
peculiar,2
ivt,2
procut,2
messed,2
spdif,2
dav,2
virtual,2
tube,2
learned,2
analog,2
component,2
soooo,2
mounts,2
handlebars,2
jaw,2
roundtrip,2
rugged,2
revisit,2
evidence,2
freezes,2
specify,2
weighs,2
explaining,2
feather,2
beside,2
reciever,2
recieve,2
whoever,2
folders,2
usp,2
module,2
smoother,2
recognised,2
slowed,2
preety,2
rope,2
entangle,2
passport,2
supprting,2
verymuch,2
rsthe,2
oneshowever,2
solutions,2
portions,2
september,2
professionalism,2
showroom,2
pliable,2
booked,2
voila,2
ship,2
tatasky,2
asks,2
nonsense,2
apr,2
pleasantly,2
decreased,2
montioe,2
buddy,2
performed,2
battle,2
wecool,2
looting,2
village,2
realise,2
cancelled,2
responded,2
assembled,2
struck,2
paisa,2
geting,2
lightspeed,2
viewing,2
jerks,2
figured,2
originality,2
censor,2
substantially,2
icing,2
cheated,2
distinction,2
clad,2
deducting,2
transperant,2
wornbout,2
croma,2
beacuse,2
matters,2
abt,2
rca,2
moneygood,2
flickering,2
itunes,2
oled,2
dear,2
integrate,2
bypass,2
highlights,2
onboard,2
redundant,2
spelling,2
limitations,2
clumsy,2
television,2
costlier,2
pathetic,2
compensate,2
solimo,2
trigger,2
aging,2
breakdown,2
converted,2
visibility,2
metalic,2
kia,2
enjoys,2
iske,2
panasonic,2
valu,2
diye,2
allowed,2
speaks,2
exclusive,2
playstore,2
repalcement,2
land,2
country,2
inserting,2
fourth,2
esr,2
supar,2
intuitive,2
accessed,2
taps,2
answered,2
elapsed,2
bassmic,2
averageit,2
walk,2
fastnot,2
enemyreview,2
doesnot,2
habit,2
survive,2
newly,2
remounted,2
park,2
parking,2
wherever,2
baught,2
triple,2
trips,2
boulti,2
computableand,2
andthis,2
watchthank,2
finder,2
alligned,2
hearbeat,2
kill,2
watchpros,2
nicecons,2
dayrest,2
prossmooth,2
uifairly,2
sensorsheartrate,2
soundcloud,2
controling,2
crossbeats,2
ignite,2
pricerealme,2
onesteps,2
counterbattery,2
daysbut,2
bpm,2
fund,2
greta,2
dnd,2
toggle,2
bookmyshow,2
voucher,2
calories,2
pedometer,2
checks,2
lagana,2
goodquality,2
gimble,2
rider,2
ride,2
directed,2
amazed,2
yaar,2
yeh,2
ghadi,2
portrait,2
tighter,2
reliance,2
accepting,2
evo,2
blocked,2
boom,2
bulid,2
boosted,2
generous,2
edited,2
fullfill,2
esme,2
jaisi,2
karke,2
badha,2
den,2
raho,2
slipping,2
truth,2
vacation,2
appropriate,2
regards,2
aug,2
congested,2
dad,2
foremost,2
lithium,2
safer,2
delhi,2
metro,2
affects,2
stuffy,2
stuffed,2
supportwatch,2
facesboat,2
notifies,2
custom,2
menstrual,2
women,2
polycarbonate,2
flush,2
trendy,2
msg,2
superbly,2
proximity,2
splash,2
foreign,2
language,2
reports,2
breathing,2
handset,2
does'nt,2
public,2
requests,2
tightening,2
rattles,2
swift,2
buget,2
wishes,2
nicesound,2
disyan,2
moneythank,2
bezel,2
concept,2
possibility,2
moderately,2
faded,2
sakte,2
hrtl,2
distractions,2
document,2
operations,2
gesture,2
deserves,2
poco,2
suspicious,2
misbehave,2
workouts,2
smallscreen,2
strapover,2
wite,2
capabilities,2
span,2
protectors,2
easiest,2
protecting,2
scratching,2
wished,2
unmount,2
siri,2
mediumsize,2
sturdyand,2
unexpectedly,2
umbrella,2
bluse,2
techniques,2
overpricing,2
lakin,2
breakage,2
explored,2
bends,2
integration,2
glitchy,2
clamping,2
accidents,2
desirable,2
goodonly,2
dia,2
tyape,2
changerlet's,2
width,2
inflated,2
retains,2
discharging,2
nagative,2
futures,2
fossil,2
swim,2
activate,2
flatter,2
numerous,2
boy,2
hide,2
mtrs,2
centers,2
soundmagic,2
intend,2
lay,2
man's,2
soundquality,2
sad,2
cancelation,2
karna,2
merged,2
millimeter,2
spacer,2
spacers,2
inclined,2
palms,2
jamming,2
rounding,2
pavilion,2
screens,2
spill,2
technique,2
interfere,2
embedded,2
reached,2
advertising,2
volte,2
suck,2
contemporary,2
negatives,2
opera,2
entertainment,2
news,2
trail,2
bettery,2
iska,2
kaam,2
bhot,2
guiding,2
formed,2
decide,2
strips,2
tuff,2
useissue,2
pasand,2
righttorepair,2
irritation,2
films,2
loot,2
recycled,2
imperfectly,2
overal,2
fells,2
baad,2
bohot,2
youtuber,2
extends,2
aachha,2
rakha,2
slit,2
dose,2
varieties,2
recived,2
wakeup,2
bhaut,2
mene,2
king,2
pencils,2
skipping,2
unresponsive,2
shortcuts,2
reviewers,2
playtime,2
faq,2
landing,2
tapping,2
sits,2
matt,2
peripherals,2
flipping,2
macbook's,2
natural,2
rattle,2
presses,2
liking,2
outdoors,2
technically,2
partially,2
lifespan,2
ingress,2
kicks,2
conclude,2
recive,2
thn,2
tooth,2
collect,2
singal,2
tendency,2
alive,2
overhead,2
spirals,2
apple's,2
chota,2
cruiser,2
inferior,2
beneath,2
url,2
verify,2
authentication,2
explanation,2
region,2
binary,2
formatted,2
exfat,2
copying,2
downs,2
debian,2
distro,2
rechargable,2
march,2
dock,2
blinks,2
hygienic,2
wiping,2
growth,2
nic,2
tad,2
ticks,2
thousands,2
vain,2
garbage,2
smartphone's,2
hurry,2
clipping,2
bearable,2
wav,2
bundled,2
flowing,2
canvas,2
wood,2
enclosure,2
instances,2
noted,2
opting,2
corporate,2
neutral,2
perhaps,2
saund,2
skype,2
zoom,2
downloads,2
littel,2
quantum,2
allowing,2
confidently,2
inexpensive,2
wid,2
knife,2
sweat,2
drown,2
imagine,2
losses,2
neckbands,2
mounting,2
vlogging,2
grt,2
emails,2
excellently,2
earliest,2
loses,2
restore,2
central,2
knows,2
remembering,2
hey,2
heavyweight,2
painting,2
rocks,2
spacious,2
pandrive,2
acoustic,2
overpowering,2
hype,2
contents,2
warry,2
multifunctional,2
geared,2
usa,2
bassbuds,2
customizable,2
shortcut,2
jay,2
dnt,2
myntra,2
tax,2
vibrating,2
began,2
user's,2
convinced,2
rigorously,2
log,2
minutesbattery,2
obvious,2
rupee,2
logi,2
uninterrupted,2
explain,2
arranged,2
responsibility,2
reserving,2
sentence,2
chat,2
identity,2
emits,2
peeling,2
weighted,2
pricethe,2
fiberthe,2
garnered,2
deserved,2
applies,2
company's,2
diverse,2
competitively,2
latter,2
translates,2
comfortas,2
tpe,2
surrounds,2
aforementioned,2
amazonbuyboat,2
taffy,2
intense,2
mushy,2
distinguish,2
distinct,2
gentle,2
tht,2
boards,2
eating,2
tables,2
tabs,2
nvme,2
generated,2
pausing,2
pots,2
desktops,2
versatile,2
illustrated,2
pricecons,2
thunder,2
shocking,2
shutdown,2
quility,2
numpad,2
elevation,2
superfast,2
weght,2
dividers,2
index,2
subjects,2
adjacent,2
prodect,2
medical,2
noticable,2
ongoing,2
pleasing,2
instantaneous,2
cod,2
atmosphere,2
intermittant,2
soundbuds,2
elite,2
tribit,2
quietplus,2
dialogue,2
recognize,2
renderer,2
vlc,2
teams,2
stack,2
freedom,2
today's,2
blueman,2
bluesoleil,2
muted,2
cross,2
airpods,2
negetive,2
cud,2
catridge,2
paining,2
bcs,2
alongwith,2
prob,2
clocks,2
wrote,2
parallel,2
pump,2
plastics,2
deteriorates,2
understandable,2
sweating,2
circulation,2
earcups,2
reverted,2
cards,2
february,2
sanjay,2
mehrotra,2
billion,2
proceed,2
swing,2
sooner,2
discuss,2
upcoming,2
backward,2
misplaced,2
expanded,2
retractable,2
equipped,2
formats,2
allocation,2
flagship,2
fellow,2
tagline,2
dream,2
benchmark,2
scores,2
malaysia,2
advertisement,2
disks,2
microsd,2
sorted,2
government,2
milta,2
relying,2
positives,2
tapo,2
soldering,2
ness,2
aesthetic,2
dealing,2
petite,2
catchy,2
patch,2
attempts,2
vibrations,2
racing,2
clock,2
resist,2
laser,2
refurbished,2
unused,2
dissapointed,2
markets,2
equaliser,2
tweaked,2
goodmic,2
meterial,2
macros,2
values,2
redgear,2
peaks,2
incompatible,2
browse,2
marketed,2
seq,2
netgear,2
plans,2
zeroed,2
stated,2
equally,2
reference,2
bedroom,2
moisture,2
sophisticated,2
intricate,2
ventilation,2
posture,2
closer,2
hopes,2
rubberized,2
overpowers,2
immersive,2
records,2
iem's,2
iem,2
slightest,2
irritate,2
apne,2
deta,2
inappropriate,2
gsm,2
overlap,2
oomph,2
shining,2
letter,2
drastically,2
ply,2
mattress,2
tactile,2
maono,2
avoiding,2
calibrated,2
thorough,2
apparent,2
coding,2
mhz,2
legrand,2
liebert,2
vguard,2
selected,2
transit,2
loads,2
unselected,2
shutdowns,2
looseness,2
clearance,2
occurring,2
agreed,2
vac,2
waited,2
psu,2
components,2
gpu,2
restrict,2
maths,2
border,2
delicately,2
rolls,2
boosting,2
fiddle,2
steep,2
earpads,2
washable,2
spped,2
memories,2
raising,2
examination,2
rapid,2
backspace,2
letters,2
cushioning,2
failing,2
referring,2
statement,2
court,2
cello,2
filthy,2
ton,2
express,2
whooshing,2
collar,2
assembling,2
vegetable,2
wasy,2
focused,2
supressed,2
terble,2
insufficent,2
enhancement,2
compromised,2
community,2
dam,2
imagined,2
differentiate,2
refunded,2
aesthetically,2
mats,2
bows,2
engaging,2
child,2
kaise,2
chalta,2
wasd,2
helping,2
characters,2
outage,2
lagte,2
lifting,2
collects,2
ventoy,2
shorted,2
fly,2
scribble,2
addicted,2
proud,2
slate,2
confirmation,2
isme,2
studying,2
overheated,2
shades,2
handwriting,2
coupon,2
gameplay,2
choise,2
ending,2
dvd,2
freely,2
infamous,2
thatso,2
catrige,2
uncontrollable,2
dimension,2
havent,2
calligraphy,2
writting,2
chime,2
denote,2
defined,2
insta,2
airflow,2
essentially,2
economic,2
cooler,2
deteriorated,2
extraordinary,2
accomodate,2
travelers,2
picking,2
sapce,2
packages,2
sdd,2
advantages,2
gel,2
qubo,2
goo,2
dim,2
pushed,2
ideapad,2
keeb,2
modified,2
mod,2
con's,2
shift,2
syringe,2
bati,2
hack,2
gloves,2
ssid,2
nas,2
it'd,2
bracket,2
owned,2
suprised,2
counts,2
difficulty,2
wasting,2
belive,2
warrnty,2
journey,2
splashes,2
neatly,2
coat,2
slapping,2
zinq,2
prolly,2
horribly,2
dumb,2
lotza,2
compartments,2
brackets,2
luxurious,2
goodand,2
ruff,2
popular,2
separating,2
theory,2
aac,2
codecs,2
hoped,2
consistency,2
tones,2
genre's,2
fulfills,2
pata,2
distraction,2
learn,2
orico,2
justice,2
misses,2
sab,2
refilling,2
concerns,2
business,2
remainder,2
synthetic,2
presentable,2
costumers,2
researching,2
repeaters,2
consistently,2
abroad,2
beam,2
mimo,2
vpn,2
reconnecting,2
rubberised,2
apex,2
assign,2
meat,2
paneer,2
vegetarian,2
productivity,2
seperately,2
ambitious,2
nostalgic,2
inconvenience,2
compromising,2
earpain,2
unsatisfied,2
suggests,2
imou,2
rural,2
manages,2
fulfill,2
limits,2
globes,2
spherical,2
pitches,2
purists,2
renowned,2
refined,2
indestructible,2
stating,2
shredding,2
treat,2
ran,2
experiences,2
contacting,2
messy,2
wellgrow,2
stain,2
collapse,2
produt,2
fluffy,2
illuminating,2
justifies,2
losing,2
offbeat,2
decorative,2
platinum,2
preppy,2
dragging,2
immersed,2
dipping,2
leaked,2
soul,2
crazy,2
royal,2
attract,2
character,2
bios,2
diskmgmt,2
gpt,2
quit,2
caching,2
burner,2
stationary,2
manufacture,2
national,2
posted,2
patient,2
jug,2
cattle,2
wool,2
tomato,2
productgood,2
vessels,2
unhappy,2
describe,2
arrangement,2
goog,2
rises,2
jackets,2
corded,2
houses,2
marking,2
lenth,2
shi,2
approximate,2
healthy,2
cores,2
xxxxxxxxxxxxxxxxxxxxxxxxxxxxxxxxxxxxxxxthis,2
decades,2
plenty,2
additionally,2
insulating,2
straighten,2
isi,2
heritage,2
blended,2
inadequate,2
linishing,2
settle,2
morphy,2
temporary,2
linen,2
vents,2
chemicals,2
deposits,2
zones,2
cms,2
contraction,2
arrival,2
glide,2
wisely,2
leaks,2
positioned,2
celsius,2
literature,2
week's,2
goodone,2
miserably,2
aata,2
usuage,2
sofas,2
multipurpose,2
nevertheless,2
recvd,2
dys,2
jyada,2
hona,2
mein,2
toasts,2
colder,2
minut,2
controll,2
flame,2
fry,2
jumps,2
idiot,2
scales,2
pasta,2
cum,2
autocut,2
fastly,2
orient,2
rolled,2
wollen,2
hanged,2
smoking,2
quantities,2
extraction,2
ginger,2
chopped,2
relishing,2
peasy,2
grade,2
tubes,2
screwed,2
tall,2
fatal,2
water's,2
inverted,2
regrets,2
toasted,2
mcb,2
reflector,2
convection,2
operates,2
calm,2
bills,2
wrongly,2
reachable,2
loosened,2
techinician,2
forwarding,2
indicater,2
stritching,2
mixi,2
enters,2
sucked,2
disclaimer,2
beans,2
containers,2
complicated,2
substances,2
blenders,2
amazingly,2
extract,2
chairs,2
purify,2
nob,2
continually,2
bachelors,2
soup,2
mart,2
tighten,2
rpm,2
roast,2
manufacturer's,2
designer,2
sewing,2
extractor,2
masala,2
grinds,2
seeds,2
bitter,2
mesh,2
tightener,2
ironed,2
kurti,2
chamber,2
whipped,2
bumps,2
cappuccino,2
latte,2
viewers,2
operated,2
qty,2
cooks,2
crumb,2
electrician,2
unusual,2
approach,2
spot,2
ptc,2
peeled,2
digits,2
creamy,2
registering,2
mornings,2
duct,2
frothed,2
mixes,2
basket's,2
smoke,2
puree,2
doubles,2
purees,2
sew,2
stich,2
tied,2
jumbo,2
griling,2
gyeseralso,2
gyeser,2
vibrates,2
orpat,2
remained,2
froths,2
impurities,2
hairs,2
jiffy,2
refuse,2
flawed,2
toster,2
snack,2
hotel,2
readily,2
interchangeable,2
picks,2
removal,2
milton,2
yrs,2
allergic,2
lassi,2
cutter,2
spider,2
litre,2
opt,2
eventhough,2
chronic,2
beating,2
mashing,2
families,2
idly,2
blessing,2
curd,2
tastes,2
droplets,2
drink,2
dynamix,2
fuse,2
gyser,2
husband,2
rusted,2
mokapot,2
rendering,2
dissolved,2
upward,2
residues,2
pried,2
buid,2
panini,2
breads,2
crunchy,2
needful,2
potatoes,2
parathes,2
atta,2
chapati,2
pierce,2
scrambling,2
poaching,2
renewed,2
ifb,2
spoils,2
spanner,2
spongy,2
compares,1
carplayso,1
thatother,1
fathful,1
orders,1
hesitated,1
shielded,1
improves,1
probbly,1
twisted,1
arent,1
goodworking,1
offera,1
coveredthe,1
qualityrecommended,1
proactively,1
reconnects,1
buyi,1
foe,1
commonly,1
wats,1
applications,1
qute,1
hisaab,1
majboot,1
maine,1
chapti,1
rhi,1
delever,1
gol,1
deti,1
mile,1
lena,1
utne,1
layak,1
cabil,1
bll,1
yhe,1
yamaha,1
fantastically,1
unusable,1
casio,1
revived,1
khant,1
linkwifi,1
funcions,1
surveillance,1
goodhope,1
workable,1
messaging,1
substitute,1
chager,1
onegiving,1
prosgood,1
chagrining,1
exllent,1
altroz,1
decade,1
anyhow,1
unboxed,1
aluminum,1
reveal,1
pice,1
highside,1
strudiness,1
usbcons,1
turbocharging,1
connector's,1
italso,1
charginggood,1
resnable,1
buyinh,1
workand,1
ulatra,1
installable,1
accesd,1
untie,1
hisab,1
produc,1
discolored,1
retractor,1
dealfreez,1
awesom,1
calming,1
formy,1
brittle,1
chromecast,1
fraction,1
model's,1
reassemble,1
plugin,1
i'am,1
submitting,1
byhand,1
scrumbles,1
winding,1
tangential,1
compatability,1
initiate,1
secwith,1
valid,1
universally,1
bern,1
unreachable,1
weirder,1
mortar,1
rivets,1
operator,1
obage,1
pleted,1
dtdc,1
gundas,1
eco,1
shine,1
outlook,1
hindering,1
justifying,1
woking,1
isuss,1
cebals,1
prodactsi,1
prodatcs,1
retun,1
pleess,1
pikup,1
prodacts,1
zakkaass,1
dolby,1
lessor,1
asses,1
downloading,1
inconvinience,1
issuebut,1
lengthier,1
sterdy,1
andit's,1
redme,1
batteryyou,1
iems,1
thnx,1
profiles,1
networking,1
fax,1
vista,1
compliance,1
ble,1
selectable,1
wlan,1
coexistence,1
edr,1
bluedio,1
turbine,1
krta,1
agothat,1
failurei,1
locallybluetooth,1
pairingthere,1
phoes,1
blutetooth,1
phonesi,1
bluesoiel,1
soiel,1
driversonly,1
workbluetooth,1
hungry,1
bluetooththis,1
earc,1
native,1
qwerking,1
softr,1
oky,1
serch,1
negligible,1
coax,1
relace,1
converting,1
ouputfirst,1
errorreplacement,1
excellentit,1
disney,1
primemy,1
theaterwithout,1
perfe,1
pcm,1
audioreplacement,1
injust,1
timeexcellent,1
amezonthanks,1
lessons,1
devicei,1
welland,1
composit,1
outputthank,1
investigated,1
scummy,1
compatabile,1
producers,1
kodak,1
teken,1
reciving,1
instruct,1
stumbled,1
buttom,1
specifying,1
buil,1
slowing,1
hampered,1
ish,1
strudy,1
itom,1
solar,1
science,1
saitechit,1
rescue,1
marvel,1
roduct,1
cover's,1
luminous,1
pitch,1
arc,1
shelf,1
fastx,1
delight,1
surprize,1
wel,1
incl,1
promptest,1
qulaity,1
inspire,1
prod,1
intermittently,1
phn,1
chrgeing,1
warked,1
chram,1
lane,1
seemlessly,1
rslocal,1
resent,1
fabrication,1
smoothen,1
benq,1
mefinal,1
shaper,1
blocks,1
eaten,1
goat,1
lately,1
brillo,1
mobot,1
lall,1
samsung's,1
interfering,1
royale,1
contender,1
separateeverything,1
looted,1
approaching,1
talented,1
uneducated,1
unaware,1
dissatisfied,1
sansui,1
itsame,1
aaw,1
mtr,1
figuring,1
voodoo,1
strangely,1
monitors,1
commented,1
vesa,1
nvidia,1
jerking,1
syncing,1
breading,1
lifetime,1
atrocious,1
compatile,1
tcl,1
warking,1
currents,1
uncommon,1
oems,1
compromises,1
fats,1
descriptionit,1
satellite,1
betterone,1
sore,1
cares,1
raceways,1
bears,1
reinforced,1
makeshift,1
conked,1
infrared,1
rays,1
propely,1
gbs,1
recomended,1
setop,1
stabilizers,1
onkyo,1
anticipate,1
warrantymust,1
recommendvalue,1
longish,1
epson,1
nvram,1
magement,1
smc,1
degradation,1
commenting,1
ray,1
misrepresentation,1
amended,1
alsoyour,1
projectors,1
atlast,1
assessed,1
traditionally,1
transreceiver,1
differentiator,1
reinforces,1
shrunken,1
dacs,1
acoustics,1
passthrough,1
kitted,1
compulsory,1
resampling,1
lossy,1
compression,1
fanciest,1
rank,1
hifi,1
blueray,1
tooo,1
stb's,1
doyzcjyl,1
sarvice,1
disappointedrange,1
wasnt,1
experiance,1
oksuper,1
goodmeets,1
fist,1
logging,1
popup,1
urge,1
stopps,1
thumbnails,1
firesticks,1
malfunctioned,1
mirroring,1
carens,1
thunderbolt,1
mojo,1
brilliantly,1
kdl,1
liyen,1
mili,1
sath,1
goodfits,1
perfectlya,1
diffrent,1
vivo,1
essy,1
shandar,1
wort,1
morpho,1
workwatsaap,1
kijiye,1
honda,1
civic,1
cast,1
brain,1
hgcfb,1
purcahsed,1
monitorand,1
ithas,1
pasted,1
sheer,1
likei,1
toe,1
wishing,1
firstit,1
freesync,1
polybag,1
hdr,1
atmos,1
dts,1
jus,1
thou,1
timepass,1
viewed,1
perception,1
remotevalue,1
moneysoft,1
nicei,1
shopoflux,1
popped,1
xtreme,1
ery,1
monitor's,1
duh,1
helpfulhdmi,1
hdtv,1
trivia,1
convertor,1
seated,1
cure,1
cancer,1
productpacking,1
goodjust,1
productexcited,1
xtream,1
chhota,1
dailywear,1
detects,1
goodalso,1
tron,1
mico,1
fullcharge,1
chinnaga,1
undi,1
chudaniki,1
bagundi,1
ivvatam,1
ledu,1
isthundi,1
kuda,1
akkuve,1
unnai,1
windshield,1
remounting,1
legth,1
shacking,1
longs,1
wirting,1
gallery,1
noisefit,1
jugad,1
flashlight,1
ecom,1
picturethe,1
markand,1
phonebluetooth,1
solo,1
riders,1
hight,1
apparition,1
solidness,1
goodcalling,1
nicebut,1
softness,1
amazoneit,1
dikhti,1
waqt,1
dikhati,1
nahin,1
chalti,1
apperance,1
improvised,1
banane,1
itna,1
kharcha,1
structure,1
lapse,1
bloggers,1
clumpsy,1
promisedreviewed,1
usagefire,1
gladiator,1
callingpros,1
sunny,1
seamlesscons,1
deattachable,1
displayno,1
lagginggood,1
micno,1
connectivitybest,1
imprinted,1
plasticquality,1
ultima,1
cart,1
coolwire,1
reversed,1
internalsthe,1
lofi,1
peacefull,1
adorable,1
definition,1
alteast,1
coustmer,1
eslip,1
everting,1
evey,1
sobut,1
earplucks,1
stand's,1
widens,1
superp,1
senheizer,1
tooooooo,1
iit,1
abs,1
activates,1
debate,1
tampered,1
analysis,1
unavailable,1
meshed,1
addon,1
midway,1
path,1
ambrame,1
choosing,1
polymer,1
equivalent,1
dad's,1
fluctuates,1
ampcons,1
resembling,1
contentsbox,1
contentdesign,1
comfortdisplaywatch,1
featuresalexa,1
appaccuracybatteryfinal,1
wordsbuy,1
contentboat,1
contentsmartwatch,1
colourcharging,1
clipuser,1
carddesign,1
comfortwhen,1
inspired,1
amazfit,1
bip,1
buildi,1
designthe,1
displaycoming,1
tft,1
qualityi,1
saturated,1
featuresthe,1
animation,1
uithe,1
walked,1
breath,1
meditation,1
reviewalexa,1
facesthe,1
appyou,1
bugs,1
appaccuracyaccuracy,1
testcompared,1
trackers,1
accuracycomparing,1
accuracybatteryyou,1
wordsboat,1
spikes,1
oximeter,1
waking,1
rem,1
synchronises,1
ips,1
jitters,1
diagonally,1
route,1
map,1
submerging,1
msgs,1
bulb,1
firetv,1
mathematical,1
currency,1
conversions,1
translations,1
sedentary,1
reminder,1
timers,1
motivational,1
rewards,1
badges,1
restarted,1
guided,1
deleted,1
acceptance,1
silencing,1
childish,1
scot,1
bloated,1
combi,1
swimming,1
cycling,1
dependant,1
wedding,1
anniversary,1
evergreen,1
okkk,1
subjected,1
irreparable,1
communicates,1
brake,1
justifiedly,1
adhere,1
stayed,1
dizre,1
segement,1
laga,1
slants,1
reaction,1
allif,1
toohappy,1
airbubbles,1
instalation,1
peak,1
guidelines,1
minimise,1
functionscan't,1
responsiveness,1
sachme,1
aap,1
kharid,1
installer,1
systematic,1
template,1
earth,1
forgive,1
slicing,1
sketching,1
answering,1
magically,1
off's,1
suzuki,1
burgman,1
ford,1
ikon,1
alli,1
maps,1
displaythank,1
unreliable,1
savings,1
squeege,1
oleophobic,1
institutions,1
displayvoice,1
userscalling,1
facilityface,1
facilityone,1
deficiency,1
whatsappif,1
newbies,1
galary,1
calorie,1
tired,1
fireballs,1
alway,1
metrical,1
montheven,1
secured,1
freaking,1
trace,1
yellowing,1
downfall,1
simplistic,1
chagerwire,1
acchi,1
kyu,1
uttna,1
jinko,1
matlab,1
lelo,1
lamba,1
chalega,1
productsbut,1
problemre,1
sharply,1
consequence,1
accommodates,1
tightens,1
functinality,1
composure,1
grave,1
carrycharging,1
pricier,1
linking,1
cycles,1
notificationswithout,1
productafter,1
heartrate,1
sensing,1
res,1
abandoned,1
enclosed,1
herewith,1
tracing,1
watchnice,1
nicey,1
aligner,1
goodregards,1
habe,1
seeobserved,1
printall,1
reponse,1
stud,1
fasten,1
knocked,1
rotation,1
gooseneck,1
needn't,1
loosening,1
withhold,1
tabletso,1
okaysvery,1
bro,1
purpos,1
gaps,1
ignored,1
coped,1
organisations,1
prevented,1
lital,1
outputs,1
recharged,1
usagecharging,1
adaptercharging,1
utter,1
distancethis,1
daddy,1
whopping,1
indicating,1
quartile,1
adoptor,1
staff,1
hgh,1
irony,1
gujarati,1
grin,1
isthe,1
moral,1
unceremoniously,1
snatch,1
jokes,1
unbiased,1
overboard,1
substantial,1
presume,1
nope,1
beg,1
fortitude,1
superhuman,1
boats,1
experiencing,1
intrusive,1
wafer,1
irrespective,1
incomparable,1
unbeatable,1
tvfm,1
score,1
pthe,1
fumbled,1
strata,1
motorola,1
chanced,1
bassnice,1
qualitygood,1
premiumif,1
legendary,1
ive,1
fevistick,1
soldi,1
hvae,1
focuses,1
evolutions,1
strip,1
bole,1
jhakas,1
hhh,1
laalach,1
buri,1
chijh,1
hum,1
sudhrenge,1
kabhi,1
bored,1
envisaged,1
productliramark,1
slideevents,1
datesorder,1
framethe,1
mutual,1
astonishingly,1
acquiring,1
cope,1
advantageous,1
micrometers,1
rub,1
schedule,1
suggestionsto,1
fillet,1
unnecessary,1
packagingto,1
disclaimerthe,1
webcams,1
rog,1
isopropyl,1
alcohol,1
kwick,1
superglue,1
urges,1
potentially,1
imac,1
hardwired,1
hacks,1
cleanser,1
bars,1
benifit,1
taks,1
redo,1
methods,1
cropped,1
texting,1
disappointment,1
megapixel,1
delighted,1
english,1
oxford,1
thoughtful,1
dictionary,1
typable,1
keypad,1
nano,1
preinstalled,1
snakes,1
facebook,1
yrugoel,1
vasul,1
prodat,1
tauch,1
kewal,1
adoptot,1
phir,1
turat,1
ise,1
wapas,1
ghatia,1
colourfit,1
nav,1
opaque,1
aligns,1
tuch,1
panal,1
upgrated,1
monday,1
saturday,1
msi,1
feedbacks,1
elsewise,1
wheneveor,1
executives,1
wraps,1
altogether,1
repurchase,1
protecter,1
strengthening,1
nani,1
aya,1
stairs,1
odered,1
exaggerated,1
ringke,1
camo,1
cutouts,1
glasstic,1
borders,1
integrated,1
lagane,1
hilta,1
zaroor,1
achi,1
pakka,1
awkwardly,1
strangers,1
creator,1
scenes,1
lucid,1
shankarkumaran,1
tamil,1
mannervalue,1
telecopic,1
optionsonly,1
modeif,1
eesame,1
jis,1
jagaha,1
madata,1
packageing,1
smartphone'battery,1
extensions,1
depict,1
afloat,1
flights,1
baggage,1
dried,1
outbut,1
narriw,1
gum,1
watchface,1
optimally,1
fin,1
unsupportable,1
fasttt,1
chl,1
aapko,1
bata,1
dunga,1
kessa,1
baadbut,1
abhi,1
kharab,1
bhe,1
isska,1
khayal,1
experienceworks,1
lifeno,1
ancidental,1
idel,1
paintings,1
moeny,1
forth,1
noags,1
solver,1
passes,1
criterion,1
recevier,1
varries,1
launching,1
youtubers,1
myth,1
truke,1
airbuds,1
defy,1
gravity,1
differencebut,1
facts,1
youi,1
detecting,1
vehicles,1
incredibly,1
rewind,1
coverings,1
portcons,1
occurrence,1
dialing,1
themhighly,1
weighty,1
staring,1
definite,1
favour,1
tucked,1
mighty,1
caveat,1
trackpad,1
jump,1
compulsion,1
obsessive,1
sustainable,1
twins,1
lockscreen,1
persisted,1
adaptive,1
person's,1
spinal,1
unsafe,1
fab,1
adhered,1
okish,1
entre,1
luck,1
authorities,1
twitter,1
authorized,1
aman,1
gupta,1
deliverance,1
truely,1
agian,1
huibut,1
zyada,1
sir,1
tiruchirapaalli,1
rockers,1
neo,1
representing,1
braking,1
vendors,1
procured,1
losse,1
strat,1
rip,1
thereof,1
initally,1
endow,1
notwithstanding,1
adapt,1
circumstances,1
sing,1
distorted,1
hat's,1
sakti,1
competitor,1
bottomline,1
reveals,1
digit,1
pny,1
originals,1
declared,1
aisa,1
pacific,1
embossed,1
erased,1
fight,1
decimal,1
swrite,1
stested,1
txt,1
multiboot,1
yumi,1
memdisk,1
booting,1
corrupt,1
affact,1
vanishing,1
spends,1
mealtimes,1
concrete,1
superlative,1
fungal,1
dominance,1
greasy,1
bolte,1
aligned,1
realises,1
worthwhile,1
nightmare,1
experiments,1
insane,1
rig,1
dslrs,1
recorders,1
limiter,1
gain,1
amplify,1
captures,1
teaching,1
anywaysi,1
rode,1
controllers,1
fond,1
inkmust,1
kwality,1
infinity,1
guessed,1
greeted,1
strenuous,1
malfunctions,1
braid,1
emphasize,1
smiles,1
bias,1
anyone's,1
rustling,1
betters,1
shortage,1
easilyi,1
educated,1
welcome,1
thanking,1
dwarakesh,1
usedin,1
colourful,1
bassgreat,1
renge,1
eraseable,1
mose,1
perhap,1
mable,1
skips,1
zoomed,1
focus,1
tinge,1
sepia,1
listens,1
daylight,1
unnoticeable,1
habitable,1
killing,1
soundless,1
typers,1
availablehowever,1
dependable,1
bcos,1
excelent,1
wobbling,1
beginnersthank,1
scenic,1
holiday,1
earbudss,1
ammusing,1
cncts,1
swesome,1
disubence,1
badheating,1
slowbuilt,1
idle,1
browsed,1
workday,1
blown,1
exhaustive,1
booming,1
fireflies,1
owl,1
strings,1
sway,1
zaps,1
buzzes,1
overpower,1
steven,1
wilson,1
fizzles,1
bonfire,1
reverberates,1
snake,1
breakin,1
skrillex,1
zedd,1
shrill,1
blast,1
convo,1
grocery,1
tune,1
ugh,1
annoyed,1
overlook,1
definetely,1
celing,1
enx,1
shutting,1
pitched,1
standalone,1
funky,1
productrecommended,1
sey,1
terrace,1
pristine,1
doors,1
reconnected,1
tremendously,1
seasonal,1
gopro,1
rotaion,1
balls,1
vlog,1
basicly,1
timeplace,1
didnot,1
weightneed,1
divice,1
adhechesive,1
portsotherwise,1
glich,1
arranging,1
guaranteed,1
screenshots,1
explaination,1
couriered,1
reimbursment,1
suppport,1
resposnse,1
script,1
regretted,1
csc,1
shopper,1
restrictions,1
boss,1
infant,1
swallow,1
saliva,1
whatnot,1
occasion,1
threw,1
undisclosed,1
depressing,1
rocking,1
darn,1
forgiven,1
persists,1
instrumentalist,1
toes,1
throwaway,1
adultered,1
mindblowing,1
oneodio,1
gem,1
purist,1
hushed,1
oddly,1
aage,1
peeche,1
bummed,1
humma,1
lut,1
gaye,1
jubin,1
vantage,1
spectrum,1
absence,1
nitpicking,1
massively,1
rejection,1
discounts,1
pekeging,1
drag,1
headaches,1
oversized,1
shrank,1
ornaments,1
palettes,1
craft,1
brisk,1
instrumental,1
dialogues,1
chatter,1
clearnot,1
farbad,1
horns,1
dish,1
endmild,1
hoursbluetooth,1
feetmissing,1
offoverall,1
aand,1
tremble,1
boultcurve,1
unexpected,1
topdetails,1
reviewsfrom,1
manufacturercurvein,1
wirelesscurves,1
toin,1
byonyx,1
greyonyx,1
greycrimson,1
redazure,1
bluekey,1
featuresbluetooth,1
lifestreaming,1
waterproofthe,1
wirelessthis,1
impeccable,1
enriched,1
bassnoise,1
isolationcancel,1
bassproduct,1
comparisoncurvecurve,1
probustercurvecurve,1
probuster,1
compareabout,1
audioneckbanddesigned,1
lac,1
customersneckbandtranscending,1
aestheticsneckbandtrusted,1
millions,1
detailslong,1
powerhouse,1
distanceoff,1
axis,1
oval,1
tunnels,1
isolationdurable,1
flexi,1
drape,1
supreme,1
moreproduct,1
guides,1
documentsuser,1
galleryproduct,1
galleryboult,1
sweatproof,1
itemsthis,1
buster,1
wir,1
bas,1
reviewsprice,1
deliverysold,1
ltdsee,1
detailsmore,1
brandsthis,1
carousel,1
sponsoredcustomer,1
questionscustomer,1
answershave,1
answersq,1
nota,1
arunsankineni,1
trivedi,1
connectivitya,1
yaaamanoj,1
kumar,1
yadav,1
lua,1
knwuic,1
agosee,1
questionsyou,1
likesponsoredcustomer,1
ratingsby,1
featurebattery,1
moreread,1
mentionsound,1
goodsee,1
moretop,1
william,1
starsverified,1
purchasethe,1
blackstyle,1
curveactually,1
condenser,1
summarize,1
prospective,1
snapped,1
devoted,1
essay,1
warrent,1
buffet,1
earned,1
technocrat,1
characteristics,1
clients,1
figures,1
estimate,1
peacefully,1
judgement,1
fortune,1
webex,1
eveningbattery,1
deadtotal,1
playtotal,1
eveningtotal,1
approxbatter,1
dischargedtotal,1
delivering,1
numericals,1
irl,1
someother,1
assisted,1
ankit,1
demonstrate,1
ascertain,1
checkups,1
ascertaining,1
tentative,1
timelines,1
tenure,1
shrinking,1
oakter,1
revise,1
reiterate,1
shud,1
associates,1
repeating,1
inspiring,1
configured,1
rename,1
dig,1
credits,1
hasitation,1
regrate,1
jazzy,1
sunburn,1
leftsound,1
sensible,1
discern,1
sorta,1
typebeing,1
miniscule,1
colorif,1
hogh,1
shoulder,1
searchhomeaudioaudio,1
reviewsxiaomi,1
reviewadvertisementby,1
shobhit,1
varma,1
isthighlightsthe,1
reviewsubscribexiaomi,1
taboolasponsored,1
linksmederma,1
therapy,1
nowthe,1
nondescript,1
flourishes,1
textured,1
promoted,1
storesbestseller,1
ashoneplus,1
ash,1
amazonbuyxiaomi,1
flipkartbuytrending,1
blackpoco,1
flipkartbuyat,1
performancexiaomi,1
damping,1
fluff,1
dinner,1
dominates,1
restrained,1
overwhelm,1
smother,1
repressed,1
blues,1
instrumentation,1
complex,1
buried,1
deserving,1
bassno,1
soundproduct,1
decentdon't,1
disappointted,1
contemporaries,1
goid,1
education,1
keya,1
spacebar,1
buttonclicks,1
bulgier,1
pushy,1
ment,1
surly,1
cousin,1
indonesia,1
ertiga,1
razor,1
smoothing,1
studies,1
usagefor,1
recommendit,1
laptopoverall,1
sequential,1
reformatting,1
filenote,1
pcie,1
simillarly,1
abovethe,1
sines,1
throttle,1
dissapate,1
nand,1
chunks,1
briefly,1
milage,1
vast,1
changeable,1
niche,1
thisthis,1
idkgood,1
mousecons,1
gamingvertically,1
landed,1
genuinity,1
printer's,1
void,1
hereboat,1
worthand,1
pinch,1
loverboat,1
agreat,1
loundness,1
shout,1
painfull,1
hatter,1
abovezeb,1
pricesound,1
voume,1
shouting,1
nicebass,1
daysmusic,1
productdurability,1
onlyoverall,1
rsif,1
segmentnote,1
alllllll,1
unbeaten,1
fil,1
thanknu,1
cuffs,1
pons,1
countinously,1
instrument,1
connectedcomfortable,1
earaverage,1
qualityoverall,1
productbest,1
sketch,1
inkpens,1
soaking,1
qality,1
notbooks,1
pricetag,1
unfolded,1
depicted,1
tearing,1
competes,1
simillar,1
riddles,1
separations,1
moneypremium,1
xcwe,1
weekends,1
clumsiness,1
pefectly,1
batteryfor,1
muse,1
rechargefor,1
wallclocks,1
rechage,1
beatiful,1
efficency,1
batree,1
pickup,1
discover,1
jayga,1
bgmi,1
battary,1
connectivitycons,1
choosy,1
airdrops,1
agood,1
fedus,1
orstorite,1
tubelight,1
radius,1
reverb,1
jabra,1
brandnew,1
handsfree,1
effectthere,1
scms,1
onlynow,1
walkthrough,1
taskbarright,1
headingsthe,1
discovery,1
transmit,1
showsphone,1
imaging,1
vers,1
sigle,1
comply,1
utilizing,1
consistanly,1
chipset,1
thumbdrive,1
dvi,1
thebt,1
capabilites,1
thumbdrives,1
extenders,1
minuscule,1
noticeablebut,1
discoverable,1
hacker,1
barriers,1
choppy,1
audios,1
stackand,1
encoding,1
decoding,1
granted,1
library,1
nifty,1
conshence,1
fumble,1
spros,1
somtime,1
connectornote,1
varients,1
designe,1
underlying,1
cartidge,1
safest,1
resizing,1
needy,1
rocker,1
squeaky,1
lobes,1
covid,1
conferences,1
webinar,1
normals,1
ontime,1
surveyed,1
invested,1
yerar,1
shoots,1
stabilize,1
picturesgood,1
stablereally,1
shootsmust,1
smartphonesthey,1
merchant,1
mastttt,1
tqs,1
consecutively,1
ysing,1
downgrades,1
jjjl,1
ancient,1
ghzthat,1
valued,1
reminders,1
organised,1
makea,1
productworth,1
instacharge,1
incall,1
deathadder,1
taxing,1
pealing,1
chipped,1
gradually,1
poerbank,1
tamperedamazon,1
unopenedproduct,1
timethis,1
goodbattery,1
sacrificed,1
damm,1
topped,1
dominant,1
deteriorate,1
equalizers,1
rage,1
bluebatt,1
ocassional,1
uplifted,1
headband,1
napkin,1
canceled,1
wheb,1
reliably,1
replicating,1
microfiber,1
objects,1
bristles,1
cooperative,1
xxxxxxxxxxxxxxxxxxxxxxxxxxxxxxxxxxxxxxxxxsandisk,1
israeli,1
readers,1
largest,1
founded,1
eli,1
harari,1
yuan,1
president,1
ceo,1
xxxxxxxxxxxxxxxxxxxxxxxxxxxxxxxxxxxxxxxxxxxxxxxxxxxxxxxxxxxxbefore,1
muscle,1
merits,1
offload,1
burdens,1
crosses,1
event,1
mood,1
proofing,1
witnessed,1
capitalization,1
enthusiasts,1
refrain,1
designated,1
speedier,1
transcend,1
xxxxxxxxxxxxxxxxxxxxxxxxxxxxxxxxxxxxxxxxxxx,1
iteration,1
columns,1
carved,1
fares,1
column,1
weakest,1
conserving,1
devised,1
merit,1
freak,1
preliminary,1
motive,1
leap,1
faith,1
intent,1
kingston,1
exaggeration,1
era,1
reversal,1
destination,1
consolation,1
san,1
retag,1
allocated,1
xxxxxxxxxxxxxxxxxxxxxall,1
advancements,1
lenient,1
reminding,1
coupled,1
import,1
duties,1
calculates,1
system's,1
workers,1
documents,1
agree,1
piracy,1
illegal,1
dmca,1
copyright,1
laws,1
investigating,1
intellectual,1
desig,1
aacchi,1
jagah,1
bedrrom,1
novice,1
leading,1
screwd,1
osome,1
screenshot,1
occured,1
locally,1
deciding,1
resold,1
dusty,1
stickering,1
events,1
honetsly,1
goodsize,1
expectedcalling,1
trimmer's,1
torque,1
smacking,1
sanding,1
obsolete,1
amezimg,1
oghl,1
evry,1
physics,1
classmate's,1
undisputed,1
budsbass,1
goodnoise,1
morenot,1
cancellationgreat,1
economy,1
upgradetion,1
comming,1
geniune,1
andvoice,1
humms,1
wen,1
fastcharged,1
gapping,1
microfibre,1
aching,1
haptic,1
beforehand,1
aggressively,1
joystick,1
triggers,1
calibrate,1
din't,1
pane,1
transmitter,1
cavity,1
nail,1
nailless,1
slighly,1
holdworking,1
judging,1
passwords,1
ultrabook,1
insides,1
yikes,1
bench,1
shaky,1
plantronic,1
miracle,1
longetivity,1
strokes,1
leaky,1
lcdadvantage,1
valuablelock,1
kindergarten,1
glaring,1
narrowed,1
reportedly,1
niggles,1
muddles,1
tweak,1
continuosly,1
pillow,1
tinny,1
customize,1
revamp,1
drifting,1
overwatch,1
fortniteonly,1
shoud,1
hande,1
ecent,1
aiming,1
redeeming,1
attributed,1
compressed,1
deduct,1
malfunctioning,1
betterneed,1
nive,1
productand,1
packageno,1
deliveryit,1
irresponsible,1
damagebut,1
expand,1
nintendi,1
mobileupdatethe,1
reed,1
answerit,1
butsamsung,1
manufacturerbut,1
interms,1
switchinf,1
porteven,1
speaker's,1
dynamite,1
oki,1
goodprice,1
minimalistic,1
sdxc,1
amaozn,1
upstairs,1
downstairs,1
suffice,1
necessitated,1
foreseeable,1
capitalise,1
horror,1
stories,1
tempted,1
hindrance,1
divided,1
threshold,1
thr,1
antennas,1
directions,1
weirdly,1
accumulating,1
hesitantly,1
dislikei,1
andi,1
breathe,1
reluctant,1
iffy,1
logitech's,1
fewer,1
springy,1
stashed,1
safekeeping,1
fundamental,1
fot,1
neighboring,1
khz,1
impedance,1
ohms,1
diagonal,1
grid,1
decreasing,1
labels,1
uppermost,1
lossless,1
flac,1
jogging,1
reject,1
unfair,1
players,1
drastic,1
conscious,1
straightly,1
basshead,1
explode,1
pushing,1
raat,1
babu,1
dhere,1
dherebaat,1
krne,1
sunae,1
expired,1
buzzzzz,1
removeble,1
dairy,1
excellentink,1
you'reputting,1
carelessly,1
revision,1
firs,1
chitra,1
eveready's,1
report,1
hardwares,1
alphabet,1
keybordit,1
rbg,1
gammers,1
speassily,1
itit,1
expreance,1
zebronic,1
verrrrrrrrry,1
goooood,1
actractive,1
premiummouse,1
youfor,1
onlyavailable,1
slipperybut,1
righti,1
forearms,1
shakers,1
clearence,1
dameged,1
expansive,1
asf,1
numlock,1
mic's,1
trrs,1
trs,1
scrap,1
creators,1
environmental,1
playdouble,1
nextthree,1
gamefour,1
hifiright,1
transparentleft,1
bixby,1
assistanthold,1
offthese,1
omega,1
equalize,1
subdue,1
hump,1
finest,1
blank,1
rams,1
combinations,1
bond,1
uplift,1
sodimm,1
alredy,1
doubted,1
aspire,1
laptok,1
ranked,1
crusial,1
disassemble,1
emerson,1
iton,1
microtek,1
intex,1
avr,1
protections,1
milliseconds,1
resettable,1
relay,1
intentionally,1
unintentionally,1
polyethylene,1
cartoon,1
withstood,1
lessthan,1
eligible,1
returnfor,1
flammable,1
gases,1
planned,1
disassembled,1
tolerances,1
fastened,1
proposal,1
hotter,1
appreciable,1
capital,1
normalized,1
distant,1
partner,1
analyzed,1
reasoned,1
nonrms,1
multimeter,1
stepped,1
approximated,1
sine,1
iii,1
outletiv,1
upsv,1
grounded,1
earthing,1
surges,1
exists,1
ignoring,1
erroneous,1
stabilised,1
gavea,1
retained,1
letdown,1
exide,1
generators,1
consult,1
bronze,1
effeciency,1
smallbut,1
thx,1
syllabus,1
producteasy,1
handleuse,1
badiya,1
rieciv,1
charg,1
airpots,1
thek,1
brighter,1
butwhile,1
apper,1
drawn,1
soi,1
uneconomical,1
imbalance,1
curvy,1
nudge,1
sacking,1
lamp,1
milky,1
snowy,1
kashmir,1
parcel,1
routinely,1
unfounded,1
snuggly,1
subjective,1
reaonss,1
prefitted,1
gandhi,1
ymmv,1
separation,1
youtu,1
fared,1
maxes,1
creeping,1
panning,1
punches,1
microphones,1
trashing,1
disruptions,1
passable,1
wherein,1
twses,1
evaluating,1
akshay,1
ginormous,1
strand,1
slave,1
zipping,1
cablecharger,1
swept,1
compensation,1
gaziabad,1
factory,1
professionally,1
dismantle,1
mould,1
paking,1
valo,1
counterparts,1
sbout,1
pricegreat,1
qualitysmooth,1
usebest,1
prefect,1
usages,1
satisified,1
heights,1
starsi,1
staying,1
notches,1
touchpad,1
latches,1
linkages,1
undone,1
megapixels,1
creation,1
organisation,1
chalaya,1
thak,1
afterall,1
sep,1
cam's,1
droidcam,1
interview,1
fhd,1
tutorial,1
toppling,1
indicates,1
grainy,1
assist,1
momentarily,1
webcam's,1
compliment,1
unobtrusive,1
estate,1
hids,1
chiclet,1
joysticks,1
death,1
shallow,1
insulator,1
consideration,1
batch,1
accommodate,1
anticipated,1
cascades,1
repeatedly,1
multiplier,1
protruding,1
honeycombs,1
balancing,1
okaybuild,1
rpmlooks,1
goodnot,1
gamingi,1
premier,1
closes,1
snowden,1
latitude,1
kills,1
thisi,1
becuase,1
sustain,1
paragraph,1
statistically,1
lie,1
sponge,1
electromagnetic,1
intefrerence,1
editors,1
assembly,1
constraint,1
landscape,1
losely,1
rule,1
questionable,1
lounder,1
unlikely,1
suppression,1
semi,1
bothered,1
decks,1
benchmarks,1
amongst,1
memberanes,1
acting,1
radiators,1
nuance,1
uncontrolled,1
suppressed,1
mgiht,1
transiton,1
impractical,1
fuller,1
teardown,1
interchanged,1
intrusion,1
characterics,1
subtly,1
opnion,1
waterprof,1
wihtout,1
unevenness,1
gained,1
modal,1
europe,1
travellers,1
wast,1
atmost,1
picnic,1
loudsound,1
nnhszl,1
moneysheets,1
reordering,1
intervention,1
reboots,1
huawei,1
powercuts,1
startup,1
misaligned,1
similiar,1
toshiba,1
legit,1
copyyou,1
diary,1
sharpness,1
inc,1
utilities,1
wfm,1
shakey,1
bandoverall,1
ocean,1
nonocean,1
shading,1
countries,1
santa,1
podcasts,1
lightness,1
intrested,1
experiencecons,1
valie,1
assceres,1
lens,1
harddisk,1
cary,1
tears,1
undoing,1
aches,1
influencer,1
mapped,1
simultaneous,1
devicescons,1
incline,1
dome,1
sensed,1
litter,1
typingthink,1
modems,1
colorscons,1
outs,1
mindmaps,1
causal,1
writers,1
jab,1
bohut,1
zaroori,1
sirf,1
lga,1
skte,1
incomplete,1
foud,1
patchy,1
abnormally,1
durabilityand,1
lean,1
dude,1
unpacked,1
iirc,1
alt,1
dumped,1
slapped,1
keycaps,1
wonky,1
conserve,1
antighosting,1
pun,1
mechanisms,1
groaning,1
indistinguishable,1
builders,1
rtses,1
shooters,1
lubricate,1
del,1
semicolon,1
mouse's,1
performanace,1
tighting,1
effeciant,1
providers,1
overcurrent,1
bootable,1
gst,1
pvt,1
guarantyee,1
inject,1
idicate,1
problempls,1
grabbed,1
nowdays,1
restraints,1
goodmicrophone,1
goodware,1
ware,1
recommends,1
playstation,1
sparks,1
porceline,1
badhane,1
passmy,1
doodle,1
lovesssssss,1
misfortune,1
addict,1
helpless,1
disconnections,1
jaata,1
mtlb,1
chalane,1
binge,1
splits,1
justiff,1
cps,1
slope,1
slant,1
bedmaterial,1
deceiving,1
behavior,1
melted,1
favourite,1
hrsgood,1
onei,1
okok,1
afcourse,1
translucent,1
receivedwith,1
compelling,1
subject's,1
scrambled,1
beneficial,1
charts,1
diagrams,1
division,1
chhoti,1
bachcho,1
shade,1
greens,1
highlighter,1
silvery,1
penthank,1
lightwork,1
oldbut,1
apsara,1
litte,1
browsers,1
flipkart,1
noilseless,1
compi,1
involves,1
inhand,1
overweight,1
researched,1
stickey,1
tree,1
campaign,1
smidge,1
depletes,1
preferably,1
bleed,1
flashy,1
fittting,1
cousing,1
woods,1
toad,1
grass,1
abc,1
u're,1
greatthanks,1
packagebuilt,1
plateauing,1
universe,1
performence,1
scandisk,1
bgt,1
dor,1
inshort,1
showoff,1
wavelet,1
master,1
continued,1
streets,1
ling,1
inbetween,1
giod,1
vedio,1
boult's,1
announcing,1
sectional,1
edgescons,1
oder,1
spiralmy,1
intension,1
erasable,1
confuse,1
qualitywise,1
reuction,1
paperbefore,1
ridiculous,1
toink,1
catridgeor,1
counterfeit,1
catridgesmajor,1
storealmost,1
pagesit,1
blackafter,1
dpiuses,1
inkcolor,1
catridgesdirect,1
dpiwireless,1
nosupport,1
nousb,1
suppoted,1
envelope,1
brochure,1
paperduplex,1
manualhp,1
inkjet,1
printingcatridge,1
costhp,1
levelspaper,1
manuallypaper,1
timepaper,1
ppmprint,1
ppmauto,1
yeswt,1
borderless,1
printingno,1
worksheets,1
assignments,1
refile,1
recommand,1
xerox,1
folds,1
holy,1
cow,1
reeks,1
fairenough,1
strater,1
culsur,1
edu,1
fullfills,1
suitabke,1
obs,1
fixable,1
widegives,1
pimentation,1
inks,1
adequately,1
woman's,1
playlist,1
endlessly,1
clues,1
nub,1
denotr,1
coded,1
faqis,1
moments,1
cleartreble,1
bulletsz,1
boomy,1
tweek,1
neackbands,1
neackband,1
tamper,1
xperia,1
jumping,1
luggage,1
puting,1
usesimply,1
expecters,1
farno,1
godod,1
greatbut,1
grilland,1
hurtsdesign,1
vostro,1
hover,1
emulation,1
temps,1
fallout,1
vegas,1
igpu,1
hill,1
climate,1
unuable,1
ggreat,1
terrific,1
notion,1
skullcandy,1
substacted,1
saavn,1
easyly,1
richness,1
deepeneds,1
nrml,1
lapy,1
veru,1
chhor,1
yah,1
waluable,1
moneysuitable,1
fyi,1
favorable,1
conserves,1
acche,1
sleeps,1
inorder,1
interest,1
receptor,1
kvm,1
differnet,1
regurous,1
evencarry,1
presentations,1
colleague,1
callig,1
sensetive,1
reckless,1
irrecklessly,1
answers,1
licences,1
refils,1
sketches,1
oher,1
agif,1
rubbery,1
boyfriend,1
aim,1
persistently,1
shooter,1
deat,1
ader,1
onedra,1
dis,1
video's,1
bodysound,1
zebronicsplease,1
spuer,1
squished,1
famous,1
configuring,1
trials,1
organization,1
kittens,1
communicate,1
nvr,1
target,1
drafting,1
adpeator,1
lenovo's,1
wprking,1
elitehubs,1
server,1
cashbacks,1
viewer,1
linear,1
picky,1
keycap,1
puller,1
swappable,1
transitions,1
justifiable,1
layout,1
spaced,1
clickingthanks,1
impressivethe,1
coader,1
arrows,1
monthgreat,1
moneygreat,1
lightsthey,1
broked,1
printout,1
eraphones,1
pastel,1
purple,1
fob,1
fasttrack,1
tweezer,1
replacementthe,1
rollover,1
adapted,1
misunderstanding,1
lesson,1
conflicting,1
configurations,1
ads,1
dashboard,1
darkness,1
raspberry,1
issus,1
deliverynice,1
productall,1
workig,1
worthful,1
avg,1
sry,1
preffered,1
ober,1
rought,1
previosuly,1
lott,1
hows,1
metioned,1
unharmed,1
forcefully,1
summing,1
affixed,1
skipped,1
reapply,1
attributable,1
glare,1
pensrather,1
penslot,1
parkerit's,1
lousy,1
moneywise,1
awfully,1
twss,1
enco,1
squeezy,1
tanks,1
walkin,1
cannon,1
ltp,1
residential,1
inkjets,1
colorsoft,1
cushionsgood,1
zipcons,1
envy,1
caught,1
drenches,1
dekhne,1
eays,1
tipped,1
mandala,1
beginnersthe,1
powercut,1
uspnext,1
helpfulit,1
batt,1
catastrophically,1
plethora,1
sentiments,1
lame,1
younger,1
young,1
specked,1
tester,1
polarity,1
destructive,1
sections,1
varrying,1
marerial,1
enoughi,1
amateur,1
cricket,1
disrupts,1
sticksthe,1
playablebattery,1
chargersalthough,1
recognisable,1
modules,1
bothersome,1
diverted,1
wings,1
underside,1
refreshing,1
streamed,1
dave,1
brubeck,1
quartet,1
typically,1
percussion,1
deeper,1
rendition,1
amar,1
arshi's,1
kala,1
chasma,1
aggression,1
inoffensive,1
demonstrated,1
familiar,1
appeal,1
voices,1
crow,1
cawing,1
largely,1
dependent,1
surroundings,1
unwavering,1
inconsistent,1
callsratings,1
worthless,1
vibes,1
thumpy,1
ruins,1
differences,1
namely,1
upsides,1
paddings,1
magneticfunction,1
continuos,1
retention,1
downsides,1
confuses,1
recites,1
lyrics,1
evary,1
youngster's,1
younster,1
silently,1
indie,1
thakyou,1
highhhhhhhhh,1
educative,1
vry,1
premiumone,1
spen,1
cutout,1
unbelievable,1
distracting,1
beautifully,1
twbs,1
distinctions,1
bearly,1
sporting,1
traditional,1
uneasy,1
sabhi,1
kamjor,1
kay,1
jadi,1
khatam,1
hote,1
compacter,1
tahn,1
twitch,1
jumpy,1
itbis,1
intention,1
lables,1
laptopgreat,1
tutors,1
cosmic,1
byte,1
microphone's,1
jacks,1
sonic,1
clothe,1
chain,1
planty,1
repellent,1
wallet,1
goodies,1
tabelito,1
trolly,1
inthis,1
gorilla,1
policies,1
unlock,1
miracles,1
aspirant,1
ssc,1
math,1
reasoning,1
dreamsturdy,1
styles,1
inchi,1
briten,1
portronic,1
ramge,1
wipes,1
ruffpads,1
amazonreally,1
productquality,1
decorations,1
nicethankyou,1
goodgreat,1
scarters,1
deskmat,1
interchangeably,1
contrasts,1
bhavneetapproved,1
flatten,1
smelly,1
onky,1
sleev,1
koi,1
chahata,1
sakta,1
stichting,1
backpack,1
keychain,1
smallish,1
dismal,1
caring,1
upgraded,1
bhk,1
strike,1
creeped,1
mercusys,1
returns,1
blogs,1
unnamed,1
analyser,1
remotely,1
login,1
costliest,1
disabled,1
society,1
duplex,1
nutshell,1
lnk,1
onu,1
flatuations,1
satisfiedworking,1
nies,1
username,1
miwifi,1
vlogger,1
shakeable,1
adjuststable,1
archive,1
advisable,1
adata,1
mega,1
throwed,1
bashed,1
developing,1
tanotis,1
ridiculously,1
paced,1
chill,1
rpg,1
titles,1
legends,1
beetle,1
led's,1
mauled,1
beaten,1
alsothough,1
keyboard's,1
objective,1
compatable,1
wokrload,1
becaue,1
bundle,1
chasse,1
backlighting,1
eyboard,1
plaaning,1
texts,1
efficent,1
fatigue,1
injuries,1
migth,1
crunches,1
ine,1
excel,1
terrible,1
targeted,1
rat,1
homerow,1
stasis,1
suggets,1
bunded,1
indicatorheight,1
adjustableno,1
ipados,1
tons,1
productive,1
sand,1
speakerone,1
individually,1
surrounded,1
alongside,1
whine,1
reviewliked,1
greatwire,1
goodsound,1
goodinterface,1
acceptablecan,1
enemy,1
runningworks,1
happydisliked,1
lip,1
levelmust,1
videospeople,1
llil,1
complate,1
aroun,1
troubles,1
classmates,1
papar,1
completly,1
monsoon,1
amazon's,1
quilty,1
classmate,1
khata,1
artis,1
sought,1
receipt,1
hasnt,1
diisappointed,1
quarter,1
okey,1
pandemic,1
dying,1
tldr,1
yearly,1
retina,1
competing,1
nned,1
difficulties,1
establishment,1
illuminated,1
laps,1
recordings,1
subscribe,1
ranger,1
introduction,1
passion,1
rightly,1
quest,1
excluding,1
insanely,1
amazonians,1
unsettled,1
sennheiiser,1
expanse,1
knots,1
anatomies,1
inconvincing,1
tail,1
etcf,1
squeezing,1
li'll,1
naah,1
primitive,1
xxxxxxxxxxxxxxxxxxxxxxxxxxxxxxxxxxxxxthe,1
craving,1
natgeo,1
unsettling,1
neodymium,1
senneheiser,1
succumbed,1
xxxxxxxxxxxxxx,1
unacceptable,1
xxxxxxxxxxxxxxxxxxxxxxxxxxxxxxxi,1
xxxxxxxxxxxxxxsony,1
rare,1
timbre,1
xxxxxxxxxxxxxxxxxxxxxexcellent,1
phenomenal,1
xxxxxxxxxxxxxxxxxxxx,1
discarding,1
mesmerising,1
longing,1
adulteration,1
mesmerizing,1
essence,1
vivid,1
sennhesiers,1
dividing,1
subtopics,1
subtopic,1
sheds,1
shredded,1
offset,1
deplete,1
pnote,1
both's,1
leg,1
alptop,1
mindthat,1
occupy,1
unfold,1
volt,1
pluses,1
simplicity,1
screwto,1
soundsystem,1
settop,1
accesspoint,1
cur,1
requesting,1
organize,1
locality,1
tags,1
reused,1
camel,1
boc,1
portraits,1
bold,1
actualy,1
parformance,1
challenging,1
realign,1
imperfections,1
bubles,1
alignments,1
centering,1
oksturdiness,1
mediummaterial,1
aluminiumoverall,1
fairdoes,1
nbook,1
sach,1
likhne,1
jata,1
collecting,1
stationery,1
uni,1
signo,1
sarasa,1
whose,1
starter,1
scribbling,1
annotating,1
finshed,1
pentel,1
energel,1
eraser,1
oils,1
faint,1
refills,1
homework,1
mistakes,1
slotted,1
lockable,1
developer,1
irritiates,1
stressing,1
digging,1
skyrocket,1
keystrokes,1
readable,1
perpendicular,1
combos,1
silly,1
inflicted,1
entered,1
highlighted,1
sporadic,1
locate,1
passage,1
signals,1
actfiber,1
managable,1
buildup,1
desent,1
entertain,1
chaos,1
horrific,1
greatly,1
erratically,1
stylist,1
unparallel,1
productusing,1
monthshappy,1
pseudo,1
prodigy,1
wpm,1
coustomise,1
embarassing,1
jel,1
delays,1
mattered,1
tiresome,1
smoooooother,1
fluent,1
brass,1
eyedroppers,1
hari,1
refuel,1
eyedropper,1
substantiate,1
spoil,1
splashing,1
airmail,1
authority,1
rings,1
maroon,1
reynolds,1
civilization,1
jungle,1
desert,1
couriers,1
lticaptd,1
earning,1
exams,1
pleasure,1
sums,1
flattened,1
european,1
orgasm,1
squirt,1
wingsungs,1
unbearably,1
squirty,1
fourthly,1
fifthly,1
crocodile,1
unleash,1
amazinggold,1
amazingcons,1
droppers,1
japan,1
improving,1
fountsin,1
cady,1
transfering,1
devmgmt,1
unallocated,1
diagnostic,1
mdsched,1
exe,1
reboot,1
hopping,1
partitions,1
gparted,1
screwdriver,1
crystaldiskmark,1
corruption,1
abrupt,1
corrupted,1
faber,1
incident,1
appliances,1
hiccups,1
srub,1
kaha,1
aaya,1
chala,1
mathematicians,1
radar,1
bachega,1
pappupm,1
winning,1
tv's,1
annoys,1
harmful,1
verifying,1
astra,1
radios,1
olden,1
hollow,1
exception,1
whip,1
situated,1
msd,1
facilities,1
ekco,1
radio's,1
tuning,1
personl,1
chidambar,1
kakathkarmangalore,1
tableease,1
userecommended,1
dimmable,1
room's,1
amaze,1
lists,1
refers,1
aggregated,1
tells,1
teeth,1
skimp,1
intervals,1
expanding,1
adverse,1
enhance,1
guarantee,1
accompanying,1
cradle,1
inflate,1
hahaha,1
filaments,1
usetime,1
takingbut,1
gram,1
reorder,1
everythings,1
econamical,1
juicy,1
leafy,1
veggi,1
goers,1
strated,1
sop,1
productsturdynice,1
colorissue,1
dispense,1
leftover,1
pune,1
frusteted,1
gpkkkzl,1
plastik,1
whats,1
consuming,1
cooldown,1
kettel,1
bubbling,1
vapors,1
trusting,1
catle,1
collected,1
cleancons,1
strains,1
suffering,1
cervical,1
replaceable,1
wotks,1
fina,1
bruah,1
samll,1
consolidated,1
spinning,1
dense,1
stucks,1
dalgona,1
productbis,1
couality,1
handel,1
exchanging,1
soak,1
urad,1
dal,1
ltrs,1
gripe,1
useall,1
assess,1
installhowever,1
soonother,1
pblm,1
usevery,1
urgently,1
rgdsjaydeb,1
banerjee,1
sastisfy,1
iits,1
stell,1
shortweight,1
okeasy,1
economically,1
superperformer,1
comportable,1
cdgkfl,1
pill,1
pilling,1
blobs,1
haggard,1
socks,1
sweaters,1
mufflers,1
artificial,1
composition,1
degrades,1
compulsaryly,1
enoughsuper,1
fries,1
tikka,1
wothstand,1
dissapointd,1
fryers,1
hostelers,1
pvc,1
xxxxxxxxxxxxxxxxxxxxxxxxxxxxxxxxxxxxxxxxxxxxxxrecently,1
rotten,1
bid,1
goodbye,1
occupation,1
summed,1
loosens,1
iron's,1
smooths,1
wrinkleshence,1
xxxxxxxxxxxxxxxxxxxxxxxxxxxxxxxxxxxxxxxxxas,1
assuming,1
established,1
rightfully,1
failures,1
footprints,1
bets,1
expertise,1
xxxxxxxxxxxxxxxxxxxxxxxxxxxxxxxxxxxxxxxxxxxxxxxxxxxxxxxxxxxxxxxxxxxxduring,1
jobs,1
quilts,1
effectiveness,1
clouds,1
virtue,1
virtually,1
incapable,1
addressing,1
steamers,1
xxxxxxxxxxxxxxxxxxxxxxxxxxxxxxxxxxxxxxxxxxxxxxxxxxxxxxxxxxxxxxxxxxxxxxxxxxthe,1
backed,1
generating,1
pressurize,1
volts,1
amperage,1
mobility,1
lengths,1
develops,1
assures,1
toughest,1
alloys,1
gather,1
trousers,1
eliminate,1
synthetics,1
spandex,1
polishing,1
fighter,1
planes,1
beak,1
xxxxxxxxxxxxxxxxxxxxxxxxxxxxxxxxxxxxxxxxxxxxxxxxxxxto,1
stir,1
xxxxxxxxxxxxxxxxxxxxxxxxxxxxxxxeven,1
xxxxxxxxxxxxxxxxxxxxall,1
clubbed,1
insisting,1
chores,1
deven,1
wattweight,1
kgwater,1
mlcord,1
meterindicator,1
markingwarranty,1
sprays,1
throws,1
moistens,1
spraysteam,1
deposit,1
choking,1
orifices,1
irrecoverable,1
failure,1
vinegar,1
earthed,1
shocks,1
descale,1
sink,1
principle,1
expansion,1
clarification,1
insights,1
careless,1
ratio,1
convert,1
explicitly,1
seek,1
pattern,1
easyspeed,1
decker,1
richards,1
repairs,1
easyto,1
regardless,1
stamped,1
clones,1
novel,1
straightaway,1
allowances,1
production,1
accessorized,1
shortness,1
accommodated,1
cursing,1
miserliness,1
arrive,1
inaugurated,1
spite,1
calcified,1
helpfully,1
corresponds,1
seventy,1
scaldingly,1
nasty,1
instinct,1
featureless,1
presets,1
updateafter,1
hazardous,1
temper,1
ilthe,1
touches,1
scratchesdon't,1
scratchesother,1
partial,1
expelled,1
inevitable,1
accompanied,1
thermos,1
proscan,1
grindingsless,1
requiredeasily,1
sizeconsthe,1
swab,1
moneyheat,1
finds,1
chilling,1
lambi,1
mazzza,1
matresses,1
dusts,1
spacedislikes,1
upholstered,1
rug,1
inaccessible,1
underneath,1
ceilings,1
hopelessly,1
openable,1
assuring,1
crevice,1
ladies,1
lady,1
supplementary,1
tks,1
smthng,1
ridges,1
regulate,1
propper,1
cookware,1
tefal,1
watter,1
whistling,1
nicer,1
basiclly,1
stirr,1
completelly,1
consistentn,1
satting,1
increment,1
decrement,1
implement,1
doable,1
usially,1
anoying,1
idiotic,1
arrrrggghhhhh,1
stupidity,1
angry,1
foil,1
powdery,1
mfr,1
formation,1
brownish,1
modifying,1
salts,1
scrubbing,1
similarly,1
leftmost,1
dries,1
warmer,1
fathom,1
leach,1
versatility,1
forces,1
uniform,1
bunrs,1
symptom,1
multicooker,1
gorgeous,1
modifications,1
pointcut,1
favourable,1
believable,1
minam,1
electricthak,1
get's,1
boilers,1
pricei,1
attain,1
useeing,1
betterreally,1
positions,1
bachelor,1
scrapes,1
ithave,1
runnning,1
smoothens,1
coats,1
sanitises,1
patches,1
atle,1
lord,1
countertop,1
batches,1
homemade,1
cereals,1
powdering,1
onefor,1
fascinating,1
nutri,1
juices,1
grease,1
pbsnxl,1
defected,1
expectedthis,1
multple,1
parcels,1
neighbour,1
chila,1
paratha,1
flour,1
prep,1
purchaseed,1
hilane,1
aawaj,1
daal,1
pisne,1
there're,1
nearer,1
whites,1
accoustemed,1
openings,1
disaster,1
wcbhl,1
deviation,1
weighting,1
separates,1
referred,1
reffered,1
lived,1
polythene,1
deformation,1
discription,1
procduct,1
dustbag,1
float,1
borewell,1
remedy,1
moicy,1
jtqgohrl,1
whiteline,1
cheater,1
leans,1
tapman,1
vagaira,1
lagbhag,1
bus,1
lagta,1
aapka,1
workingbut,1
workthanks,1
tanvir,1
raza,1
servicealthough,1
quolity,1
usful,1
outo,1
disconecting,1
pouwer,1
easly,1
suffocating,1
punjab,1
hehe,1
ecectric,1
faults,1
firstit's,1
pamphlet,1
orerall,1
occupied,1
poacher,1
extensively,1
density,1
recipes,1
smallplease,1
browns,1
qtr,1
desi,1
inclusion,1
gests,1
bun,1
warming,1
smooky,1
smellotherwise,1
mech,1
engg,1
alreay,1
motors,1
pumps,1
limitedprice,1
bangalorepackage,1
damagerecommended,1
yesreturnable,1
yesroom,1
conduction,1
twin,1
elevate,1
productthe,1
directional,1
conditioners,1
clockwise,1
undisturbed,1
relative,1
acs,1
tripper,1
nose,1
ventilated,1
helpdrawbacks,1
finishingfinal,1
lodged,1
coils,1
relaxed,1
loosenrd,1
tomorrow,1
dwe,1
department,1
mixier,1
asthetically,1
wheather,1
gunny,1
haphazard,1
knee,1
mera,1
hogya,1
buys,1
frothers,1
sparingly,1
recourse,1
dislikesvalue,1
greaves,1
comprised,1
convector,1
lobe,1
meals,1
hottness,1
kattle,1
browning,1
toasting,1
buildups,1
posterior,1
pouring,1
insulate,1
condensing,1
workmanship,1
comparisons,1
consciously,1
allayed,1
gey,1
ittill,1
pax,1
bazaar,1
decoction,1
previouslyrepeat,1
pantry,1
london,1
miniso,1
hul,1
qualityworth,1
that'll,1
allready,1
productvery,1
momos,1
khechadi,1
itili,1
fried,1
meier,1
mak,1
eplace,1
moulds,1
fillno,1
cubes,1
crush,1
wondered,1
onesatisfied,1
ccontrol,1
thsi,1
bogutht,1
rips,1
recevied,1
throug,1
heared,1
beef,1
walnuts,1
raspberries,1
pork,1
crackers,1
chips,1
lowers,1
reccomendation,1
smoothie,1
serrated,1
defintely,1
tye,1
patiently,1
pooja,1
dispatched,1
queen,1
capacilty,1
remaking,1
vitrified,1
tile,1
sipper,1
spoiled,1
drank,1
babies,1
oats,1
milks,1
warrantycons,1
urban,1
inrhowever,1
conneting,1
relocate,1
milligrams,1
overloaded,1
scalding,1
valueless,1
drill,1
borrow,1
everage,1
productcompair,1
utenuzl,1
cleanly,1
lightest,1
guinea,1
pig's,1
dogs,1
gathered,1
furr,1
vacuuming,1
atomberg,1
rediculaus,1
hatchback,1
swapped,1
airproduct,1
purifying,1
eficiently,1
hated,1
nauseating,1
reffair,1
bringing,1
thumsup,1
frist,1
memo,1
ext,1
electry,1
hig,1
lengthheatingfan,1
speedeverything,1
disappoints,1
itme,1
hnykgtcl,1
doubting,1
panvel,1
serviceperson,1
lufe,1
resticted,1
wat,1
managing,1
underpowered,1
absolutly,1
mincing,1
gring,1
gripping,1
dicey,1
bouble,1
maza,1
agya,1
stopping,1
logic,1
unsealed,1
swach,1
anomaly,1
festiva,1
assymetrtical,1
pose,1
blanks,1
sweatshirt,1
expnsive,1
summer,1
bearing,1
capacitor,1
instability,1
thereafter,1
roasted,1
spares,1
pakcaging,1
paperwork,1
zaruri,1
dadi,1
onserved,1
sugar,1
clothed,1
opreate,1
isliye,1
mushkil,1
apke,1
badi,1
roughness,1
choped,1
wonderfully,1
cracke,1
skill,1
effecient,1
crushes,1
inmy,1
waht,1
chocolate,1
juicers,1
hectic,1
nut,1
bosh,1
imbalanced,1
discouraging,1
wrinkling,1
hiii,1
concentrate,1
withou,1
zara,1
funnel,1
manish,1
eassy,1
realsing,1
heavvy,1
pollution,1
mangaya,1
awaj,1
ara,1
purane,1
bhjna,1
bhai,1
ans,1
meringue,1
batters,1
mixing,1
hugeeee,1
matcha,1
turmeric,1
cinnamon,1
coconut,1
lattes,1
lumps,1
stirring,1
favorites,1
delicious,1
conspros,1
coffeeit,1
chrome,1
spotted,1
removers,1
grills,1
pizzas,1
roasting,1
tin,1
rotisserie,1
wondershef,1
thermoco,1
dents,1
necessity,1
oven,1
owner,1
deliveredtwo,1
essey,1
cuttings,1
suitability,1
atavanc,1
taflon,1
butthis,1
profomance,1
charring,1
affecting,1
logged,1
gentleman,1
canceling,1
helpline,1
tapes,1
jacket,1
adversely,1
impacts,1
tony,1
tey,1
bedsheets,1
curtain,1
itt,1
tumbles,1
outerbody,1
saftey,1
luking,1
weay,1
confident,1
accumuulate,1
abious,1
qiality,1
dint,1
oin,1
switchboard,1
scraches,1
inform,1
evaporated,1
eaters,1
wala,1
corroded,1
detective,1
medicore,1
lick,1
bribing,1
ruppee,1
paytm,1
cheating,1
balzano,1
success,1
dustbin,1
swiss,1
military,1
performer,1
impressivedoes,1
jobstruggle,1
rinse,1
creaming,1
omelette,1
whisk,1
vibe,1
simpler,1
moneynd,1
town,1
produ,1
curent,1
purches,1
continous,1
cooktop,1
controlbuttons,1
productnyc,1
rim,1
baskets,1
persevered,1
ite,1
isedul,1
leakproof,1
wonderchef,1
dhanteras,1
anxious,1
presentthe,1
formals,1
filler,1
conical,1
vil,1
worker,1
problemsecond,1
proble,1
peeking,1
tjoxel,1
ave,1
followig,1
idications,1
duraility,1
squat,1
oblong,1
footing,1
recessed,1
seats,1
spilt,1
extendable,1
grow,1
eficiency,1
litt,1
misjudge,1
hostels,1
charms,1
blotch,1
signified,1
steadily,1
sauces,1
dressings,1
readjusting,1
consists,1
shaft,1
handwashing,1
damp,1
pitcher,1
stitchcant,1
ons,1
threader,1
knot,1
stitches,1
tomatoes,1
tadka,1
chutnies,1
ain,1
household's,1
choppers,1
cooled,1
mandatory,1
clocked,1
poached,1
hustle,1
tumble,1
regulatorover,1
uncooked,1
shoke,1
overheat,1
upton,1
engineerso,1
valves,1
instaltion,1
mechanics,1
gysar,1
xceed,1
conecting,1
bahot,1
wasul,1
bada,1
velue,1
findout,1
buildlight,1
settinggood,1
personcan,1
verticallycons,1
clampedvery,1
personbattery,1
lessclamp,1
sidesoverall,1
moneys,1
abstract,1
lught,1
sediment,1
tatva,1
replacr,1
massager,1
knees,1
noticing,1
hysteresis,1
observing,1
gadgetronics,1
weighed,1
purit,1
tolerable,1
mosquitos,1
attracted,1
poweful,1
cleanup,1
tailoring,1
salesman,1
logical,1
waterstorage,1
worrying,1
febric,1
loosely,1
disassembles,1
finishes,1
watermark,1
freshness,1
inadequately,1
diagram,1
labeled,1
thrifty,1
behaves,1
differently,1
nasal,1
congestion,1
relieved,1
eggetarians,1
qualility,1
spraying,1
himachal,1
tour,1
waters,1
adults,1
qualitynew,1
peoduct,1
eat,1
greatest,1
attraction,1
luxury,1
toxic,1
adjuster,1
vakue,1
ubr,1
swivelling,1
article,1
heavenly,1
hotty,1
deflector,1
facilitated,1
funtion,1
comany,1
excusses,1
ony,1
shortenergy,1
realt,1
shutoff,1
poduct,1
sandwitch,1
ibell,1
sander,1
ourposes,1
latching,1
eject,1
wheels,1
powerfull,1
abmngle,1
justfied,1
ungrinded,1
moneyspend,1
accommodaters,1
percolator,1
workhorse,1
nova,1
unappetising,1
corrugated,1
profiled,1
panels,1
sprinkler,1
liquor,1
cautiously,1
magnificent,1
fryer,1
noiseoperating,1
requireno,1
haneul,1
freindly,1
movable,1
bilt,1
heter,1
semll,1
iterating,1
resend,1
trouser,1
magical,1
discarded,1
mixxer,1
injection,1
optima,1
purifies,1
tightened,1
initiated,1
noone,1
pedestal,1
oscillating,1
misfitted,1
prior,1
damper,1
minimally,1
paata,1
baaki,1
meshes,1
downwards,1
upwards,1
sponsored,1
teared,1
deplorable,1
threatening,1
oat,1
milkshake,1
thembattery,1
blendsbuild,1
goodso,1
worest,1
griding,1
endless,1
hauls,1
amazonfinds,1
excited,1
convinience,1
enamous,1
sealer,1
toddler,1
unsuessful,1
payment,1
habits,1
lightgreat,1
designeasy,1
manouverabilityfast,1
heatingwhat,1
itreally,1
crumpled,1
distances,1
nest,1
spatula,1
hood,1
bell,1
reffer,1
mecord,1
fills,1
lts,1
waternow,1
tub,1
hotnessthen,1
comsumes,1
instan,1
ossum,1
plumbing,1
accesories,1
instalaltion,1
differ,1
hyderabad,1
repeats,1
mustard,1
havella,1
kolkata,1
windy,1
coldest,1
arthritis,1
whereby,1
showers,1
someplace,1
mildly,1
introduces,1
changer,1
momo,1
odiyapithaa,1
handsome,1
dura,1
cuppa,1
countinuesly,1
indispensable,1
tasting,1
espresso,1
obtain,1
optimal,1
comprehensive,1
temperate,1
blazer,1
lehenga,1
productnot,1
resturant,1
compani,1
amounts,1
splatters,1
nails,1
pulsing,1
overheating,1
hiding,1
gimmicks,1
clothing,1
fuzz,1
requiring,1
aid,1
relatives,1
maintains,1
enabling,1
fermentation,1
trustworthy,1
liter,1
midea,1
webs,1
roofs,1
assigned,1
technic,1
asain,1
siemens,1
varying,1
bodywise,1
apparel,1
apparels,1
variation,1
blander,1
idli,1
barter,1
pegion,1
dosen't,1
budgetsound,1
regulargrinder,1
wer,1
wit,1
feedbak,1
itafter,1
sppeed,1
r's,1
valve,1
feb,1
jugs,1
buyinglooks,1
chenagidye,1
aquasure,1
csd,1
disperses,1
chemical,1
viruses,1
ten,1
cholera,1
virus,1
fridge,1
marvellous,1
avid,1
backpacker,1
mixex,1
powermatic,1
spilling,1
uts,1
crude,1
bulging,1
hills,1
uttarakhand,1
views,1
rotated,1
movebale,1
reostat,1
weakness,1
parallelly,1
amazonthank,1
savoury,1
yummy,1
shivesh,1
promotion,1
b'day,1
deliverednever,1
damig,1
comparative,1
individuals,1
bharosemand,1
uselight,1
weightcomes,1
riturn,1
dented,1
rectified,1
caters,1
bec,1
chennai,1
bean,1
graded,1
southern,1
withering,1
enamel,1
lov,1
discolouration,1
pressured,1
pushes,1
brewed,1
percolates,1
portafilter,1
sends,1
container's,1
gasketted,1
sedimented,1
predicament,1
dismantling,1
tiered,1
gasket,1
lurking,1
therein,1
unhygienic,1
dampens,1
debater,1
rinsed,1
downward,1
unmessy,1
offense,1
washers,1
candle,1
konvio,1
abke,1
downgrade,1
iorn,1
sarees,1
north,1
araku,1
valley,1
snap,1
sis,1
resistor,1
adaper,1
joined,1
aquarium,1
aquaguard,1
arrives,1
gool,1
solids,1
acch,1
completelywhere,1
awame,1
mannual,1
lukewarm,1
neededreview,1
presently,1
acidity,1
securing,1
defines,1
stomach,1
washes,1
achieved,1
friction,1
attest,1
rangeeasy,1
pulao,1
curry,1
eqsy,1
biriyani,1
chiffon,1
heatup,1
maintened,1
ironbox,1
null,1
lengthened,1
usefulin,1
luggages,1
overseas,1
wud,1
backlit,1
basewhat,1
elevated,1
rubble,1
brushes,1
maintenance,1
averagethey,1
tunnel,1
clener,1
limitedoverall,1
temparature,1
powercord,1
thanx,1
weekthe,1
diffuct,1
beagle,1
extensive,1
stickiness,1
households,1
bakwas,1
couldimproved,1
scrub,1
purposely,1
majestic,1
sip,1
adult,1
freshly,1
enjoyment,1
seep,1
grounds,1
precautions,1
ngl,1
purchases,1
usefulproduct,1
aptly,1
cafe,1
jei's,1
ritual,1
ebook,1
filtration,1
wetted,1
soap,1
ghee,1
avoided,1
crisper,1
purchasesufficient,1
memberi,1
vague,1
dignity,1
layered,1
hurts,1
arrangements,1
attachement,1
noicejuicer,1
sparking,1
pending,1
someday,1
handedly,1
humidifier's,1
nights,1
vapour,1
vapourised,1
transducer,1
atop,1
who'll,1
overflow,1
issued,1
ultrasonic,1
humidier,1
glory,1
chep,1
measurementscommon,1
hooked,1
graduations,1
cupsc,1
spoonsbig,1
tablespoon,1
teaspoon,1
scoops,1
mixie,1
unlocked,1
hooker,1
rusty,1
beaters,1
karwane,1
nomber,1
dijiye,1
pod,1
iduction,1
woring,1
bulge,1
projected,1
bummer,1
pluffy,1
alu,1
methi,1
hurdle,1
formoney,1
males,1
libra,1
gathering,1
outflow,1
bursts,1
omlet,1
sizing,1
plastickits,1
absorbs,1
blankets,1
shoul,1
istemal,1
hoo,1
kaphi,1
obala,1
tuta,1
dhakan,1
likeit,1
respects,1
jam,1
taped,1
wetting,1
reheated,1
condensed,1
bugget,1
ani,1
dast,1
rlqpl,1
wirelength,1
worthit,1
indicated,1
sometimelittle,1
febulous,1
sectionsbut,1
highlike,1
productyou,1
responses,1
hostal,1
omni,1
bottoms,1
ignorance,1
volumecons,1
discoloration,1
khel,1
saath,1
karen,1
zarurat,1
ghar,1
thoughthe,1
brewing,1
therr,1
trade,1
ohh,1
thermoplastic,1
mug,1
springi,1
stagnation,1
reheat,1
trim,1
suites,1
yellowish,1
euroclean,1
walla,1
wick,1
hilton,1
hereon,1
appreciation,1
amul,1
taaza,1
warmed,1
celcius,1
eneloop,1
tweezers,1
eneloops,1
diameters,1
duracells,1
insertion,1
spillage,1
restaurant,1
updare,1
purification,1
implied,1
ppc,1
proportions,1
tiffin,1
nonstick,1
tasty,1
cookies,1
biscuits,1
sweets,1
homequlity,1
whipping,1
creams,1
rea,1
productbut,1
saftypins,1
alteration,1
jali,1
monthly,1
doest,1
doesent,1
wrkng,1
evn,1
aesthetics,1
grandmother,1
candels,1
preparations,1
sponges,1
modify,1
saute,1
browness,1
completes,1
